customerID,propensity_score,segment,days_since_last_buy,rank,snapshot_date
A77DFF56D3A2D0E21E22,0.9714285714285714,warm,5,1,2022-10-31
CB8A0D4D71F631B2396B,0.9714285714285714,warm,0,2,2022-10-31
D2C337549295AA89DE09,0.9714285714285714,warm,0,3,2022-10-31
90BF28B439D48D60C1F4,0.963855421686747,warm,0,4,2022-10-31
8C99A66D9E82778743BB,0.963855421686747,warm,5,5,2022-10-31
DD35198E5AFDB753ED0D,0.963855421686747,warm,0,6,2022-10-31
535266109F7417B87AD6,0.9569268511746528,warm,4,7,2022-10-31
4557F7C55ACBCBBB4901,0.9566787003610109,warm,0,8,2022-10-31
CC32D15C77AE274B3F73,0.9566787003610109,warm,0,9,2022-10-31
AFA70DC9566646F0D9D5,0.9566787003610109,warm,4,10,2022-10-31
E1CA005493988853A768,0.9566787003610109,warm,0,11,2022-10-31
0A4983D59B6972C27BF1,0.9566787003610109,warm,0,12,2022-10-31
D36B38DFF99A0D5581CF,0.9566787003610109,warm,0,13,2022-10-31
7C2EBD3C7B9CE30E2C44,0.9566787003610109,warm,0,14,2022-10-31
A3475AFF8E18AE9B6DDE,0.9488636363636364,warm,12,15,2022-10-31
E6D47D738DE7C89E3C20,0.9488636363636364,warm,5,16,2022-10-31
86EA12B95AE5E74F503D,0.9488636363636364,warm,6,17,2022-10-31
49686690383E474AD41A,0.9488636363636364,warm,0,18,2022-10-31
B9F9C12D75B0618C07FD,0.9488636363636364,warm,6,19,2022-10-31
CE99A1C1F183912AC0DC,0.9488636363636364,warm,0,20,2022-10-31
CCA588D236EC5B888EA7,0.9488636363636364,warm,5,21,2022-10-31
AB8576C285183DAFF4BF,0.9353049907578558,warm,0,22,2022-10-31
B44585A3FAB09C5B4511,0.9353049907578558,warm,13,23,2022-10-31
AD44020FCDBA59233E9E,0.9353049907578558,warm,5,24,2022-10-31
75393604461CA3F6C2E3,0.9353049907578558,warm,0,25,2022-10-31
3FC80D3B323DD49C2194,0.9353049907578558,warm,5,26,2022-10-31
40AEFC373A627B62F035,0.9353049907578558,warm,4,27,2022-10-31
5AC6FDF21A8C59510EB5,0.9353049907578558,warm,0,28,2022-10-31
7EC41C0A4526D707FB88,0.9353049907578558,warm,5,29,2022-10-31
3B5EED51E19461C1FAFE,0.9173913043478261,warm,7,30,2022-10-31
4797346438C80739DDFA,0.9173913043478261,warm,0,31,2022-10-31
22D8A04864FA8F53A163,0.9173913043478261,warm,4,32,2022-10-31
F5EAAFCDB1CF3B1FB2AB,0.9173913043478261,warm,10,33,2022-10-31
2EEFF3EC54A1510DA5E5,0.9173913043478261,warm,5,34,2022-10-31
F1D5FBEB86099A74DEF3,0.9173913043478261,warm,7,35,2022-10-31
152EA3828065E3C2646D,0.9173913043478261,warm,7,36,2022-10-31
DD4D4357A30376A08B2F,0.9173913043478261,warm,4,37,2022-10-31
8272E6FEDC2517DAA77C,0.9173913043478261,warm,13,38,2022-10-31
2557508DED738A6D413C,0.9173913043478261,warm,6,39,2022-10-31
F400F515E8ED6EA135D2,0.9137931034482759,warm,4,40,2022-10-31
814C9F95DD9ED81CAF29,0.9137931034482759,warm,4,41,2022-10-31
BE391670E7BA00FE21A0,0.9045346062052506,warm,5,42,2022-10-31
A532ECB995635109E9B6,0.9045346062052506,warm,7,43,2022-10-31
BBA29ACF7075212C2866,0.9045346062052506,warm,0,44,2022-10-31
2A290334B93F06132D78,0.9045346062052506,warm,5,45,2022-10-31
E5FF1B33C5EEB19CD14B,0.9045346062052506,warm,6,46,2022-10-31
332E6C05E6FFCEA73924,0.9045346062052506,warm,5,47,2022-10-31
3ED911BF9A4545BF9C15,0.9045346062052506,warm,6,48,2022-10-31
A2133BC122DFB1AC6D25,0.9045346062052506,warm,0,49,2022-10-31
B23456352C96452C6747,0.883177570093458,warm,11,50,2022-10-31
16EB6BE5ACE5AD7A4077,0.883177570093458,warm,5,51,2022-10-31
1E95D7B60F3C10AD1565,0.883177570093458,warm,5,52,2022-10-31
71267E7B007A2FB67347,0.883177570093458,warm,4,53,2022-10-31
F4E33EE2C99EEEE5D36D,0.883177570093458,warm,0,54,2022-10-31
39178E2A282939BC39D4,0.883177570093458,warm,0,55,2022-10-31
CCBE079C66DB8F0955F1,0.8803191489361702,warm,0,56,2022-10-31
FD9030AE2E317C78964B,0.8803191489361702,warm,5,57,2022-10-31
E59C0A17D58F684C385A,0.8803191489361702,warm,12,58,2022-10-31
C6707130F4AAA91E860B,0.8803191489361702,warm,6,59,2022-10-31
9D204C18007EF1F22DAC,0.8803191489361702,warm,0,60,2022-10-31
B9B31086DB673F7C95E5,0.8803191489361702,warm,6,61,2022-10-31
9345FC1EB64C4D2F94BA,0.8803191489361702,warm,0,62,2022-10-31
06B37AA5E36F5C6E0709,0.8264984227129337,warm,5,63,2022-10-31
AF5F982C4EFF03DB30C9,0.8264984227129337,warm,10,64,2022-10-31
FC62416417A61DA64F47,0.8264984227129337,warm,7,65,2022-10-31
3D572B4F6A4E9682A51F,0.8264984227129337,warm,5,66,2022-10-31
5E7633BCD849D3264338,0.8264984227129337,warm,7,67,2022-10-31
14B541DCDCA0402DCA5F,0.8264984227129337,warm,0,68,2022-10-31
3D579F7F3C9C270729AE,0.8264984227129337,warm,10,69,2022-10-31
F3BE901A9B0D47F8DE4E,0.8264984227129337,warm,7,70,2022-10-31
4C34D717433BAB1E04BD,0.8264984227129337,warm,6,71,2022-10-31
E3AEE99C06246895F54C,0.8264984227129337,warm,28,72,2022-10-31
F95E495A0E150F8A7EE1,0.8264984227129337,warm,10,73,2022-10-31
8491B80EEAC06D9B59B2,0.8264984227129337,warm,10,74,2022-10-31
BC473BC3AD15863C834C,0.8264984227129337,warm,4,75,2022-10-31
CC251A30182E9D48720C,0.8264984227129337,warm,0,76,2022-10-31
55B5D5E678AE2C1D0414,0.8264984227129337,warm,4,77,2022-10-31
57AE3E667919FE1F30DD,0.8264984227129337,warm,0,78,2022-10-31
A0BF7234E7E8C9284441,0.8122448979591836,warm,6,79,2022-10-31
7079B7791FF798E7E34E,0.8122448979591836,warm,10,80,2022-10-31
CE5DC66ABD114A63562B,0.8122448979591836,warm,20,81,2022-10-31
1E817BEB52DA2C858570,0.8122448979591836,warm,7,82,2022-10-31
74938B6F0E29FE6CC7E3,0.8122448979591836,warm,6,83,2022-10-31
9F004835324D86E18960,0.8037974683544303,warm,7,84,2022-10-31
F36CC223D2F279EACC09,0.8037974683544303,warm,33,85,2022-10-31
8455105228D335921E58,0.8037974683544303,warm,20,86,2022-10-31
DDF524935B136DAA2327,0.8037974683544303,warm,13,87,2022-10-31
0F414D7199A4D5D86AF9,0.8037974683544303,warm,0,88,2022-10-31
F99569FD796AF48EDD42,0.8037974683544303,warm,7,89,2022-10-31
BD424165648A0AFDC8E0,0.8037974683544303,warm,5,90,2022-10-31
11EC1917DF40DAB46680,0.8037974683544303,warm,5,91,2022-10-31
2129C246A9B964F0A433,0.8037974683544303,warm,0,92,2022-10-31
28F00A55CE3BFADF7845,0.7967289719626168,warm,4,93,2022-10-31
B97E12D7D0C7FCA99B74,0.7967289719626168,warm,0,94,2022-10-31
C77EE4B8D09B52DEBC31,0.7967289719626168,warm,25,95,2022-10-31
81C89EEDF24F8E9385F2,0.7967289719626168,warm,33,96,2022-10-31
49D51C6EA4FDB9A3682F,0.7967289719626168,warm,4,97,2022-10-31
AF0B189E10466012FD8E,0.7967289719626168,warm,4,98,2022-10-31
1AFE170DCD82682DA586,0.7967289719626168,warm,0,99,2022-10-31
F103D2DF470CAF5BE292,0.7967289719626168,warm,6,100,2022-10-31
8C9DDC475EFD0FD0C725,0.7967289719626168,warm,6,101,2022-10-31
E5863E5DD34880E4E048,0.7967289719626168,warm,10,102,2022-10-31
79BF4708F32227B238A0,0.7538712306438466,warm,6,103,2022-10-31
48C02CF1AD875391AE9F,0.7538712306438466,warm,7,104,2022-10-31
8CDC7947CE4A85932B8F,0.7538712306438466,warm,5,105,2022-10-31
2FDF486524A01027FA5A,0.7538712306438466,warm,7,106,2022-10-31
C4F220D0435EA4074DF7,0.7538712306438466,warm,0,107,2022-10-31
D371D746ECB5D0D20D9E,0.7538712306438466,warm,7,108,2022-10-31
C582B2DBC441E43D85F3,0.7538712306438466,warm,13,109,2022-10-31
A9FC4E6834ABB639CFF8,0.7538712306438466,warm,12,110,2022-10-31
EC471B7939B610052CF9,0.7538712306438466,warm,10,111,2022-10-31
F241A999841998F840AC,0.7538712306438466,warm,6,112,2022-10-31
5FB45736E31AD73E74A2,0.7538712306438466,warm,5,113,2022-10-31
C709E9619C7A89883CEE,0.7538712306438466,warm,7,114,2022-10-31
B4FA08394C1F03281EE1,0.7538712306438466,warm,4,115,2022-10-31
7F5C16C1B9002FB4F9C9,0.7538712306438466,warm,5,116,2022-10-31
C2513E694E3394812CEA,0.7538712306438466,warm,0,117,2022-10-31
3F46ACF8EE2E3E8942F0,0.7538712306438466,warm,0,118,2022-10-31
053A0F76F3BDE1CFF092,0.7538712306438466,warm,33,119,2022-10-31
8F4954CA3B843614789D,0.7538712306438466,warm,10,120,2022-10-31
3D5E0A21E8A958EFB1FC,0.7538712306438466,warm,0,121,2022-10-31
485EF2CE5FB9D9A7A08C,0.7538712306438466,warm,17,122,2022-10-31
62BFC09301A4C60FD925,0.7538712306438466,warm,28,123,2022-10-31
FA1F9C1AB5F09BCD8317,0.7538712306438466,warm,7,124,2022-10-31
1065C3AA6D56F6DB3F72,0.7538712306438466,warm,6,125,2022-10-31
C36CC03CD6633FBB8FB9,0.7538712306438466,warm,0,126,2022-10-31
A3816F1794EA18D55A72,0.7538712306438466,warm,17,127,2022-10-31
B794F5B0259056D3B854,0.7538712306438466,warm,5,128,2022-10-31
C98150F6B197E8F85EAE,0.7538712306438466,warm,6,129,2022-10-31
00017496858921195E5A,0.7538712306438466,warm,0,130,2022-10-31
732741B97242511095D8,0.7538712306438466,warm,6,131,2022-10-31
FFCDF5807EAC4774B5F1,0.7272727272727273,warm,25,132,2022-10-31
5911F57AA461959EE6BE,0.7272727272727273,warm,4,133,2022-10-31
ACE60342AA88F37CAA03,0.7114093959731544,warm,11,134,2022-10-31
8A220D47B1644E4FD349,0.7114093959731544,warm,17,135,2022-10-31
E56A45A946C53AF72837,0.7114093959731544,warm,14,136,2022-10-31
D7FD80480F70D9046E72,0.7114093959731544,warm,0,137,2022-10-31
799C7B41AFC7F5701AEF,0.7114093959731544,warm,5,138,2022-10-31
6BEF836BC29243CA8D74,0.7114093959731544,warm,18,139,2022-10-31
CDF45087E0569A25ED3C,0.7114093959731544,warm,0,140,2022-10-31
D424F882913F4B2F0DD8,0.7114093959731544,warm,0,141,2022-10-31
EB99EFE3DFDB9755ADE0,0.7114093959731544,warm,5,142,2022-10-31
2EA1B31CF1E77B04D7D0,0.7007874015748031,warm,27,143,2022-10-31
F12688DE72DE7D360D0A,0.7007874015748031,warm,6,144,2022-10-31
61AC4059605AB0FF8D2F,0.7007874015748031,warm,38,145,2022-10-31
1E17981F6DE76D5CC8CF,0.6826923076923077,warm,5,146,2022-10-31
E2652B09F05F8E924CBA,0.6826923076923077,warm,35,147,2022-10-31
8BDF8178352088980ECF,0.6826923076923077,warm,12,148,2022-10-31
5670A215A1EF39E196CD,0.676056338028169,warm,0,149,2022-10-31
62559036F9556A62B905,0.676056338028169,warm,45,150,2022-10-31
3127315F56BE9C200E2F,0.675496688741722,warm,5,151,2022-10-31
C4AEB0572401E9DE830E,0.675496688741722,warm,4,152,2022-10-31
2E0702DA8387D96D298B,0.675496688741722,warm,7,153,2022-10-31
515D66FAC39B74914A4A,0.675496688741722,warm,10,154,2022-10-31
D69BC7F3B5CBB4945982,0.675496688741722,warm,6,155,2022-10-31
DD1E7FA6C74787F13EC7,0.675496688741722,warm,31,156,2022-10-31
22E225C03F2E07F9921C,0.675496688741722,warm,7,157,2022-10-31
891B5B27E59E13D1784B,0.675496688741722,warm,5,158,2022-10-31
EEFA3C7E9BBE5FEFF9E0,0.675496688741722,warm,14,159,2022-10-31
08427D73B21C2F3073C7,0.675496688741722,warm,38,160,2022-10-31
7290D61AA8354B9CECD6,0.675496688741722,warm,32,161,2022-10-31
A3CFCFA9FD8A45049A21,0.675496688741722,warm,6,162,2022-10-31
6CF3A4225AAED25980B2,0.675496688741722,warm,12,163,2022-10-31
83BF1BEFE9B739E02ABB,0.675496688741722,warm,10,164,2022-10-31
15829E2C13BE2F1E6AA3,0.675496688741722,warm,0,165,2022-10-31
C31473DD7922544DEC8C,0.6534653465346535,warm,18,166,2022-10-31
D4A9D0F1E3847197FBD7,0.6534653465346535,warm,0,167,2022-10-31
491129B369A9D649B630,0.6534653465346535,warm,0,168,2022-10-31
525C13D397F06A93D530,0.6534653465346535,warm,6,169,2022-10-31
25DBAE392C257D3856C9,0.6534653465346535,warm,4,170,2022-10-31
9265BE4628BE823D6D29,0.6446808510638298,warm,40,171,2022-10-31
BDD78F18044BDBFB5F8F,0.6446808510638298,warm,4,172,2022-10-31
AC5BCAF7299C672160AF,0.6446808510638298,warm,33,173,2022-10-31
3EEF811515A6292F890D,0.6446808510638298,warm,18,174,2022-10-31
FFAE408A5EC834791F16,0.6446808510638298,warm,5,175,2022-10-31
CBF941ACAF01E26082FB,0.6446808510638298,warm,11,176,2022-10-31
E29675CF0B9825FBDD28,0.6446808510638298,warm,0,177,2022-10-31
10D16DA68F6A352BBAF0,0.6446808510638298,warm,13,178,2022-10-31
88F3089AD0502134B78B,0.6446808510638298,warm,6,179,2022-10-31
E1734958FC7408D72B39,0.6446808510638298,warm,4,180,2022-10-31
A6E12D78674F0A731C4F,0.6446808510638298,warm,0,181,2022-10-31
04638D3EA46D7D8A5C17,0.6446808510638298,warm,24,182,2022-10-31
FC149015A7E7B651C224,0.6446808510638298,warm,26,183,2022-10-31
E7C77EC11DE934C79308,0.6446808510638298,warm,19,184,2022-10-31
5ECE17AD54C29353F0FB,0.6446808510638298,warm,54,185,2022-10-31
C533A31465D27CA3E293,0.6446808510638298,warm,13,186,2022-10-31
30075107E0388586FFFD,0.6446808510638298,warm,21,187,2022-10-31
24E5F4D1A697027A0882,0.6446808510638298,warm,17,188,2022-10-31
2D39113A94FACBC97AA6,0.6446808510638298,warm,11,189,2022-10-31
9814D59BC599052CC9CD,0.6446808510638298,warm,18,190,2022-10-31
DB2C79C710ED9A9843FC,0.6446808510638298,warm,4,191,2022-10-31
5F87CF247548A9F2601B,0.6446808510638298,warm,0,192,2022-10-31
F00CE9BF62B58C40CCE9,0.6446808510638298,warm,12,193,2022-10-31
EE3A9151B54D6D28169C,0.6446808510638298,warm,20,194,2022-10-31
13FD20CC8642997C310E,0.6446808510638298,warm,35,195,2022-10-31
0DF82237274CBC7418C8,0.6446808510638298,warm,20,196,2022-10-31
F7D82BE85FF183D757BA,0.6446808510638298,warm,10,197,2022-10-31
FF6C861A09784B4BA13C,0.6446808510638298,warm,26,198,2022-10-31
DA41547642B311913393,0.6446808510638298,warm,10,199,2022-10-31
ACE17F08AC5517248293,0.6446808510638298,warm,14,200,2022-10-31
3E8F4A9D81441DE311AA,0.6446808510638298,warm,45,201,2022-10-31
35352C1E3739FEEB3B92,0.6446808510638298,warm,12,202,2022-10-31
A2667300BEF02A549368,0.6446808510638298,warm,5,203,2022-10-31
36C550C370BC6855B046,0.6446808510638298,warm,0,204,2022-10-31
44717B8E30EF939A29DF,0.6141078838174273,warm,35,205,2022-10-31
F78AFCF8241B1EE05496,0.6141078838174273,warm,33,206,2022-10-31
D4C67B9757CCD0E069AA,0.6141078838174273,warm,31,207,2022-10-31
0C049E8E2994758E686E,0.6141078838174273,warm,35,208,2022-10-31
025FF3FA9249931D5B75,0.6141078838174273,warm,4,209,2022-10-31
1681058266A33D2364F5,0.6141078838174273,warm,10,210,2022-10-31
CEC69E6DBE1DADB51D82,0.6141078838174273,warm,48,211,2022-10-31
B230E35D345E4125DCD5,0.6141078838174273,warm,13,212,2022-10-31
4AC6E1AF2AB15067B721,0.6141078838174273,warm,4,213,2022-10-31
6AF43917C15F7DDBDBE3,0.6141078838174273,warm,10,214,2022-10-31
863B53361CD7530348CB,0.6141078838174273,warm,13,215,2022-10-31
ACA927200A3FFBE2FD53,0.6141078838174273,warm,45,216,2022-10-31
11E1029466B2B5AB10B8,0.6141078838174273,warm,31,217,2022-10-31
B6A4F3781C0D3EA2238B,0.5918367346938775,warm,12,218,2022-10-31
6380AA4936572A62CF16,0.5918367346938775,warm,26,219,2022-10-31
8C5A7BAE9483B31E48A4,0.5918367346938775,warm,19,220,2022-10-31
576AF83964526A5C1506,0.5918367346938775,warm,0,221,2022-10-31
CCA3D83CBD085FC6D6F9,0.5918367346938775,warm,17,222,2022-10-31
3CFF80770F9309DE801C,0.5835777126099706,warm,14,223,2022-10-31
B229BD9A20186E8BF838,0.5835777126099706,warm,0,224,2022-10-31
9C6CB2234573B2FC09AB,0.5835777126099706,warm,4,225,2022-10-31
7FD6FBE7593962457414,0.5835777126099706,warm,4,226,2022-10-31
4D5C7A0A6301E0608D57,0.5835777126099706,warm,6,227,2022-10-31
4D54AC236055D900FCEE,0.5835777126099706,warm,5,228,2022-10-31
BBBF0A73E8FF425D2A7A,0.5835777126099706,warm,26,229,2022-10-31
1EF29DA9E40CEDEA187E,0.5835777126099706,warm,14,230,2022-10-31
0B39AA2937BDB4A2B208,0.5835777126099706,warm,10,231,2022-10-31
FDF6C97C52A71B79B1A2,0.5782312925170068,warm,17,232,2022-10-31
AF3E80D7DA932CCF4FED,0.5782312925170068,warm,7,233,2022-10-31
98EE7F7954C5697C4F87,0.5782312925170068,warm,7,234,2022-10-31
3D64B0C36C0F151BF9E0,0.5765258215962441,warm,42,235,2022-10-31
64FD4ED1F02D5BA0F15D,0.5765258215962441,warm,28,236,2022-10-31
F1930D8B768A1F717C2A,0.5765258215962441,warm,38,237,2022-10-31
824181A7E947F07D6272,0.5765258215962441,warm,18,238,2022-10-31
30A799AABCB83DD03B15,0.5765258215962441,warm,12,239,2022-10-31
88936BC4349CF7DDFA13,0.5765258215962441,warm,67,240,2022-10-31
BF32EA924650D330C986,0.5765258215962441,warm,12,241,2022-10-31
5A7C4650A08E4244A774,0.5765258215962441,warm,11,242,2022-10-31
337EBD297DD8B480956D,0.5765258215962441,warm,52,243,2022-10-31
F84866C095C0376AC21D,0.5765258215962441,warm,38,244,2022-10-31
77D969B9775891E6C643,0.5765258215962441,warm,26,245,2022-10-31
85BDB3347B7545E3C4B6,0.5765258215962441,warm,4,246,2022-10-31
1356C4B15A4FF629B3DE,0.5765258215962441,warm,4,247,2022-10-31
6BAA2D5FBCCEAB57C473,0.5765258215962441,warm,20,248,2022-10-31
2C2C105CA92460DF136F,0.5765258215962441,warm,12,249,2022-10-31
36A1D10726F401E8CD08,0.5765258215962441,warm,5,250,2022-10-31
57E0D1528D163B8BB647,0.5765258215962441,warm,7,251,2022-10-31
0325CE0151E3C8B00FCA,0.5765258215962441,warm,0,252,2022-10-31
3C745487341EC34C40A2,0.5765258215962441,warm,10,253,2022-10-31
FE840CDCF71313E7FC61,0.5765258215962441,warm,4,254,2022-10-31
C4C160CBA9A06E9122AC,0.5765258215962441,warm,20,255,2022-10-31
4BE534987A4610AB5365,0.5765258215962441,warm,42,256,2022-10-31
8348C9F0A0BEFCE69124,0.5765258215962441,warm,59,257,2022-10-31
45D1F56268A1A55E0895,0.5765258215962441,warm,4,258,2022-10-31
A3E0715032C7CF280013,0.5765258215962441,warm,35,259,2022-10-31
F0D424716C52B7295E8C,0.5675675675675675,warm,26,260,2022-10-31
B19F8B4D41C280A72889,0.557632398753894,warm,35,261,2022-10-31
2028F7ED4AA4D44C2898,0.557632398753894,warm,33,262,2022-10-31
84A2BE6E73DF5DAEA3B5,0.557632398753894,warm,5,263,2022-10-31
896C02BCFEE5A74A15AE,0.557632398753894,warm,14,264,2022-10-31
A85D37C03DD489A0CD95,0.557632398753894,warm,28,265,2022-10-31
9A9C0C7840F62D466819,0.557632398753894,warm,33,266,2022-10-31
670D36B6B16EDAC0574E,0.557632398753894,warm,24,267,2022-10-31
423A68ACC03F93321AE7,0.557632398753894,warm,25,268,2022-10-31
7EC67E50338513ED4A2D,0.557632398753894,warm,32,269,2022-10-31
05FDB3418423500D4D59,0.557632398753894,warm,10,270,2022-10-31
3505DE8202BF0C75B9EB,0.5566166439290589,warm,6,271,2022-10-31
439C4DFC35F71EBCDFAF,0.5566166439290589,warm,0,272,2022-10-31
076A6D70C8E03BA70C03,0.5566166439290589,warm,13,273,2022-10-31
7A49933DF36A6581F05A,0.5566166439290589,warm,41,274,2022-10-31
71567EAB241F1C11E6BA,0.5566166439290589,warm,26,275,2022-10-31
FC0681C2F60E0755618A,0.5566166439290589,warm,12,276,2022-10-31
20ECD16DF199B16C2EDC,0.5566166439290589,warm,5,277,2022-10-31
9BE3B847BF182506A5B3,0.5566166439290589,warm,11,278,2022-10-31
4D3D05E411AE3EE97E05,0.5566166439290589,warm,19,279,2022-10-31
E88DF711B096D6785325,0.5566166439290589,warm,35,280,2022-10-31
6C1C4789795E1D5353E6,0.5566166439290589,warm,35,281,2022-10-31
599DBFD306CE8EE06DBC,0.5566166439290589,warm,55,282,2022-10-31
26908B5051D544B97398,0.5566166439290589,warm,35,283,2022-10-31
870E814DB274CFA95600,0.5566166439290589,warm,11,284,2022-10-31
8B99B00B3292D3D624D1,0.5566166439290589,warm,7,285,2022-10-31
DE3F530674A7C7ECC1C3,0.5566166439290589,warm,7,286,2022-10-31
63D305DBD4C36AA32585,0.5566166439290589,warm,21,287,2022-10-31
06378DF19DE6C837BDED,0.5518672199170125,warm,0,288,2022-10-31
51CC7F7FF9D92BF492DF,0.5518672199170125,warm,12,289,2022-10-31
CF2BC2CC27CA9AF95C6F,0.5518672199170125,warm,12,290,2022-10-31
83A1CCA659AC443A7040,0.5518672199170125,warm,11,291,2022-10-31
8FB1BF0EEE9FDEB043F0,0.5518672199170125,warm,17,292,2022-10-31
E2015D325B88B87E55B8,0.5518672199170125,warm,20,293,2022-10-31
A5C6335F0F38AAE3E557,0.5518672199170125,warm,35,294,2022-10-31
A6AB9B0FCD458796E6D3,0.5518672199170125,warm,47,295,2022-10-31
2442333BBB1AB0090EE8,0.5518672199170125,warm,11,296,2022-10-31
12AEFC59F28D1B84CB5B,0.5518672199170125,warm,48,297,2022-10-31
26ED227007A7F2ABBB3E,0.5518672199170125,warm,6,298,2022-10-31
483465ABDCF4957CEB23,0.5518672199170125,warm,7,299,2022-10-31
F32D8B3314FE8D8A1EB5,0.5518672199170125,warm,24,300,2022-10-31
A335D0E549A88065081D,0.5503355704697985,warm,4,301,2022-10-31
C8861F78DDC30A463038,0.5503355704697985,warm,0,302,2022-10-31
B58EF30C9210D3805358,0.5503355704697985,warm,35,303,2022-10-31
759B5121B9DCF4631562,0.5503355704697985,warm,20,304,2022-10-31
C7CD95998D5B9EC43E8C,0.5503355704697985,warm,31,305,2022-10-31
6DF5717E2AD15623FFEF,0.5503355704697985,warm,19,306,2022-10-31
268787AF07B61FED4BBD,0.5503355704697985,warm,35,307,2022-10-31
88131369A9C617CDAE90,0.5503355704697985,warm,5,308,2022-10-31
12C7F105CD5EF6FA0663,0.5503355704697985,warm,12,309,2022-10-31
32AE16172A5472AD75DD,0.5503355704697985,warm,19,310,2022-10-31
59F1AD6DE575A28F7CD2,0.5503355704697985,warm,33,311,2022-10-31
875E961D6FE075FC1C11,0.5503355704697985,warm,33,312,2022-10-31
8281ADED7FB2007B853A,0.5503355704697985,warm,39,313,2022-10-31
B30E033A6AD610A7693B,0.5096774193548385,warm,14,314,2022-10-31
9CC25A724D5CEC8366F7,0.5096774193548385,warm,19,315,2022-10-31
A147086CF743909F3495,0.5096774193548385,warm,11,316,2022-10-31
581382FD0FFFE100E46D,0.5096774193548385,warm,7,317,2022-10-31
977B87E31D5A26BCE56F,0.5096774193548385,warm,18,318,2022-10-31
EF16DBDCA146B2FFFD33,0.5096774193548385,warm,11,319,2022-10-31
7A04E8FCB6A71E7A6C82,0.5096774193548385,warm,11,320,2022-10-31
AE2CC3DDC35B7838A477,0.5096774193548385,warm,10,321,2022-10-31
14F1CB97DD2E042BA1FF,0.5096774193548385,warm,34,322,2022-10-31
E0CF96A7B7DED5E957F0,0.5096774193548385,warm,32,323,2022-10-31
FDD3B741D2E316860FDD,0.5096774193548385,warm,41,324,2022-10-31
A0EDAE38833E14F24B75,0.5096774193548385,warm,4,325,2022-10-31
C982F84F8F676379E384,0.5096774193548385,warm,41,326,2022-10-31
0AF72C6B77C3545076C7,0.5096774193548385,warm,52,327,2022-10-31
1F03C94384B11713A06D,0.5096774193548385,warm,48,328,2022-10-31
8D2AD2BCCE2A27F8E931,0.5096774193548385,warm,49,329,2022-10-31
E755C9B2CED4B79ACB54,0.5096774193548385,warm,45,330,2022-10-31
A0D0493858056DF8A2DA,0.5096774193548385,warm,34,331,2022-10-31
3D50E4FBCCDAB8FDFCDA,0.5096774193548385,warm,17,332,2022-10-31
874A9AB84154F615A10F,0.5096774193548385,warm,54,333,2022-10-31
520FBB29F54E166E3A6E,0.5096774193548385,warm,27,334,2022-10-31
640257D970FEA3D78BAC,0.5096774193548385,warm,7,335,2022-10-31
6C544A8A0A12636B31CA,0.5096774193548385,warm,0,336,2022-10-31
84879741D86C72E23508,0.5096774193548385,warm,4,337,2022-10-31
862883E91EF789B29BA5,0.5096774193548385,warm,31,338,2022-10-31
ED128F6F6F4C18665A7C,0.5096774193548385,warm,7,339,2022-10-31
8800E16157C8FBBDE557,0.5096774193548385,warm,6,340,2022-10-31
C766C6B1043826637011,0.5096774193548385,warm,35,341,2022-10-31
C17746121B7DC8EE0B6D,0.5095541401273886,warm,38,342,2022-10-31
9560D850D2AEF9C37931,0.5095541401273886,warm,82,343,2022-10-31
C063C5906C7C7D2FEED4,0.5095541401273886,warm,21,344,2022-10-31
899712A8A240B4569D1E,0.5095541401273886,warm,5,345,2022-10-31
059C50467C8D2D2F2882,0.504189944134078,warm,7,346,2022-10-31
CCC31AAC91FBFD8D36F7,0.504189944134078,warm,49,347,2022-10-31
C8C07114394B946172AF,0.504189944134078,warm,54,348,2022-10-31
E3021799D2F3DBD06673,0.504189944134078,warm,35,349,2022-10-31
76A8691B8A5C111DDE2D,0.504189944134078,warm,38,350,2022-10-31
D134CF42597BEF36B84F,0.504189944134078,warm,18,351,2022-10-31
10FAF88CEEE9E0E38BC9,0.504189944134078,warm,0,352,2022-10-31
15169601AC40352757AB,0.504189944134078,warm,39,353,2022-10-31
6738C5A3A45772A55BA5,0.504189944134078,warm,45,354,2022-10-31
7C47A9688FCAF09968BA,0.504189944134078,warm,35,355,2022-10-31
26FE717B0D0ABFEF14B9,0.504189944134078,warm,67,356,2022-10-31
2117C2EB40C06256651B,0.504189944134078,warm,6,357,2022-10-31
0F2006E6876FEA4EB8C4,0.504189944134078,warm,19,358,2022-10-31
724AEFA810246A2303FF,0.504189944134078,warm,5,359,2022-10-31
0074F23D1B45DF2A70DF,0.504189944134078,warm,32,360,2022-10-31
5977107C3E03CBFAC90A,0.504189944134078,warm,4,361,2022-10-31
51A1D57EEF250DB92005,0.504189944134078,warm,38,362,2022-10-31
4C9A19D9006ADFE5CAD4,0.504189944134078,warm,48,363,2022-10-31
BABEC57F17B3576B56CA,0.504189944134078,warm,35,364,2022-10-31
DC15F422E1BE58634B62,0.504189944134078,warm,10,365,2022-10-31
007BB70A34D8520E3721,0.504189944134078,warm,0,366,2022-10-31
9C37D02FB2E5974E6ED9,0.504189944134078,warm,38,367,2022-10-31
C18D89BF27E004BEDC19,0.4954233409610985,warm,35,368,2022-10-31
A95D6EDACD118B89FAB8,0.4954233409610985,warm,26,369,2022-10-31
B89D175CB6C56972A919,0.4954233409610985,warm,14,370,2022-10-31
715B36B23C3DFF69BBC7,0.4954233409610985,warm,32,371,2022-10-31
CF11E9EE07AC36CDAD4F,0.4954233409610985,warm,33,372,2022-10-31
CD46D911873F5C01674C,0.4954233409610985,warm,13,373,2022-10-31
E102769348AF605274F1,0.4954233409610985,warm,24,374,2022-10-31
D8720607A4CD017068A1,0.4954233409610985,warm,35,375,2022-10-31
3E14B1F309C4E4F251C8,0.4954233409610985,warm,33,376,2022-10-31
D13BA64703FC03835425,0.4954233409610985,warm,38,377,2022-10-31
4D52B00D932D24E3E57B,0.4954233409610985,warm,35,378,2022-10-31
4DCFECE722C042CD1E66,0.4954233409610985,warm,48,379,2022-10-31
D24ECCD4A4B6E678D56D,0.4954233409610985,warm,7,380,2022-10-31
D6F3710531F08CD6D7DC,0.4954233409610985,warm,31,381,2022-10-31
C8A4B4362CB11292BAC0,0.4954233409610985,warm,31,382,2022-10-31
B91B62F1A40AF0BE9D4C,0.4954233409610985,warm,83,383,2022-10-31
A46533D2C9660ED61756,0.4954233409610985,warm,38,384,2022-10-31
73C7DD0F7E62DCBEFCEA,0.4954233409610985,warm,33,385,2022-10-31
76CFF309B0D585D488C2,0.4954233409610985,warm,35,386,2022-10-31
07C754D1CDA289F07FB5,0.4954233409610985,warm,5,387,2022-10-31
D7AA3EEB593579F7F283,0.4954233409610985,warm,0,388,2022-10-31
54FAD3E1CA1E6589F663,0.4954233409610985,warm,12,389,2022-10-31
1744F5C3F3394D400A32,0.4954233409610985,warm,31,390,2022-10-31
7F5FB0B6C3AA2D8D5D0C,0.4954233409610985,warm,19,391,2022-10-31
54C5F3F8816B422FCA06,0.48819866447673116,warm,5,392,2022-10-31
B100FA13DEDCABE4B6E9,0.4732949876746098,warm,5,393,2022-10-31
083B61CA5032BD7114D2,0.4732949876746098,warm,13,394,2022-10-31
0C7DC651A5ADAE6EB1BF,0.4732949876746098,warm,21,395,2022-10-31
7A7108C3D1CB21DD864E,0.4732949876746098,warm,38,396,2022-10-31
DADFBE805C2B4A19C17C,0.4732949876746098,warm,6,397,2022-10-31
DC8A0C0B5EF9DED093E4,0.4732949876746098,warm,28,398,2022-10-31
9FA3D242981CCC20EDEE,0.4732949876746098,warm,32,399,2022-10-31
5B769435292AF181AFC6,0.4732949876746098,warm,0,400,2022-10-31
4B1D3BDD77C9AF8EF7AC,0.4732949876746098,warm,49,401,2022-10-31
C80F38896604B5809980,0.4732949876746098,warm,14,402,2022-10-31
C68EA2DA9512A462AA5A,0.4732949876746098,warm,12,403,2022-10-31
9FF008A9EDE6082063CD,0.4732949876746098,warm,34,404,2022-10-31
95ED76791B7753EA8DC1,0.4732949876746098,warm,66,405,2022-10-31
6B73C5993DEDB6B4A6B0,0.4732949876746098,warm,27,406,2022-10-31
F2A3F57B3776F464D92B,0.4732949876746098,warm,34,407,2022-10-31
D313E6EECA0E82A44E05,0.4732949876746098,warm,61,408,2022-10-31
4FD61F27C9F877788F1A,0.4732949876746098,warm,38,409,2022-10-31
68847CD84C1DC27F9648,0.4732949876746098,warm,27,410,2022-10-31
572DB2CF0C95633A7299,0.4732949876746098,warm,12,411,2022-10-31
FE7ACEB500A8D8388A74,0.4732949876746098,warm,54,412,2022-10-31
1925D1B683C911F4D3F6,0.4732949876746098,warm,68,413,2022-10-31
95CC76323CF3336A292D,0.4732949876746098,warm,27,414,2022-10-31
093C7F8CCD7E7385176F,0.4732949876746098,warm,35,415,2022-10-31
61DBC130C9FB8E196575,0.4732949876746098,warm,38,416,2022-10-31
70C9734832A390690651,0.4732949876746098,warm,26,417,2022-10-31
CAD6B62C564014EC2732,0.4732949876746098,warm,34,418,2022-10-31
F501053EB0F12EA293C5,0.4732949876746098,warm,66,419,2022-10-31
82178B7C575F8D067155,0.4732949876746098,warm,27,420,2022-10-31
F94DF741832C1683D91D,0.4732949876746098,warm,38,421,2022-10-31
77C0FCEADC893F964AE3,0.4732949876746098,warm,24,422,2022-10-31
B04BC3FFEB638A9F16E4,0.4732949876746098,warm,5,423,2022-10-31
E302E605DBB3F07E1D4F,0.4732949876746098,warm,27,424,2022-10-31
0AD0AAF573C64E7D76C4,0.4732949876746098,warm,40,425,2022-10-31
380EA12BE50CA796B6C0,0.45395590142671854,warm,60,426,2022-10-31
4AACD892EBE7FD5FA4E4,0.45395590142671854,warm,6,427,2022-10-31
27837574CBD0A02CB43E,0.45395590142671854,warm,5,428,2022-10-31
735CBC44878FC2BE932F,0.45395590142671854,warm,40,429,2022-10-31
5351E4FA559F21FC6C24,0.45395590142671854,warm,17,430,2022-10-31
C750F9C19A85904E8953,0.45395590142671854,warm,20,431,2022-10-31
B5D63694B692717E6D91,0.45395590142671854,warm,21,432,2022-10-31
D078F591F4F55D73CC65,0.45395590142671854,warm,31,433,2022-10-31
F0430008387AD1B3B55F,0.45395590142671854,warm,26,434,2022-10-31
56902638FA37A793DB3E,0.45395590142671854,warm,42,435,2022-10-31
19E080A4686C5EA059F1,0.45395590142671854,warm,60,436,2022-10-31
773BEB6362735D40A27E,0.45395590142671854,warm,59,437,2022-10-31
6795F6FE1569F144E03D,0.45395590142671854,warm,25,438,2022-10-31
6CEEB5A97AE146D73936,0.45395590142671854,warm,45,439,2022-10-31
2F658EF64B3C3E155667,0.45395590142671854,warm,45,440,2022-10-31
381B5453B639A108B64E,0.45395590142671854,warm,0,441,2022-10-31
E473B98815AB2BFC4CF3,0.45395590142671854,warm,38,442,2022-10-31
43213362833B7BCFDA9F,0.45395590142671854,warm,32,443,2022-10-31
D03130F0C16151AAFBE0,0.45395590142671854,warm,89,444,2022-10-31
FEDB695B7B8A518B485C,0.45395590142671854,warm,31,445,2022-10-31
4879C28C9CB2D498ED97,0.45395590142671854,warm,39,446,2022-10-31
DAC93A06E868AEBB23B6,0.45395590142671854,warm,48,447,2022-10-31
D63C452069A9E3755C7C,0.45395590142671854,warm,28,448,2022-10-31
6064570D87C151BAB29B,0.45395590142671854,warm,47,449,2022-10-31
981C12100CAD5254F9A2,0.45395590142671854,warm,21,450,2022-10-31
918A617593E31EFD4E0A,0.45395590142671854,warm,56,451,2022-10-31
F43F8FA0976F02F3BA07,0.45395590142671854,warm,5,452,2022-10-31
6F0413537CADCBB350A5,0.45395590142671854,warm,35,453,2022-10-31
0E72D1BF99E858EEE1AA,0.45395590142671854,warm,21,454,2022-10-31
4A530A05782BBF9633C7,0.45395590142671854,warm,28,455,2022-10-31
0D1292675362E0B3B530,0.45395590142671854,warm,154,456,2022-10-31
43D817C97A2425947E0D,0.45395590142671854,warm,31,457,2022-10-31
98F783979C321045D64E,0.45395590142671854,warm,13,458,2022-10-31
A1A7955BFD86F5BA288B,0.45395590142671854,warm,46,459,2022-10-31
EB12FE41A220AAB31A52,0.45395590142671854,warm,40,460,2022-10-31
FCD947C0D99E4B092EA1,0.45395590142671854,warm,10,461,2022-10-31
196CD99E3332028D770B,0.45395590142671854,warm,70,462,2022-10-31
9BEA985190560F7093C8,0.45395590142671854,warm,38,463,2022-10-31
64B95E44CF54D5EA7FB9,0.45395590142671854,warm,11,464,2022-10-31
71E7F3F8FD841082F0C5,0.45395590142671854,warm,34,465,2022-10-31
9190322BA8975C9CD19E,0.45395590142671854,warm,34,466,2022-10-31
62AE0DC99CA742B0A691,0.45395590142671854,warm,35,467,2022-10-31
6EDEED47764304E50AD2,0.45395590142671854,warm,63,468,2022-10-31
1A85E110CD8493A0EDC0,0.45395590142671854,warm,32,469,2022-10-31
51A2317E39FD7749ACE9,0.45395590142671854,warm,0,470,2022-10-31
AB8D0DF4BAABD383A338,0.45395590142671854,warm,7,471,2022-10-31
18ED612987B141DA70C7,0.45395590142671854,warm,7,472,2022-10-31
899C130C5EA480A83390,0.4514066496163683,warm,38,473,2022-10-31
4C20B92974870163F6EB,0.4514066496163683,warm,32,474,2022-10-31
BD5D7C28D5B7A6936833,0.4514066496163683,warm,55,475,2022-10-31
6FA5BF73C309CE8E9ED5,0.4514066496163683,warm,20,476,2022-10-31
B0F0AA65556C65DACD5D,0.4514066496163683,warm,6,477,2022-10-31
2C46867630682052F98C,0.4514066496163683,warm,75,478,2022-10-31
E15E30D6FDBB6BF8E8DB,0.4514066496163683,warm,17,479,2022-10-31
45C8DFB73C480BA9DB72,0.4514066496163683,warm,38,480,2022-10-31
B4B93630540816DBEA18,0.4514066496163683,warm,31,481,2022-10-31
02FC917BEA36954EF2F0,0.4514066496163683,warm,82,482,2022-10-31
DA435592B5308B99290B,0.4514066496163683,warm,28,483,2022-10-31
63658A340667B75D0BBA,0.4514066496163683,warm,38,484,2022-10-31
8F73377DB8BDAF7D41AA,0.4514066496163683,warm,34,485,2022-10-31
6D125168DE57931BD8C2,0.4514066496163683,warm,38,486,2022-10-31
AF55B157D4AB647B6FA6,0.4514066496163683,warm,49,487,2022-10-31
7AD8D27B70FA0D7A2F36,0.4514066496163683,warm,46,488,2022-10-31
F2D0B651AAC58D09D5EE,0.4514066496163683,warm,34,489,2022-10-31
EDBEF2C0469D086D9751,0.4514066496163683,warm,32,490,2022-10-31
30E325258CE90C0F989F,0.4514066496163683,warm,35,491,2022-10-31
B0829C5FE01C8209A506,0.4514066496163683,warm,10,492,2022-10-31
2C5242DA16891C3AE6D2,0.4514066496163683,warm,66,493,2022-10-31
EF78FD95F4ABC2429738,0.4514066496163683,warm,11,494,2022-10-31
59EA8AED4A83DD9520C8,0.4514066496163683,warm,20,495,2022-10-31
DA6F96B9376E0624DE29,0.4514066496163683,warm,52,496,2022-10-31
78DCC632D341F6EE474E,0.4514066496163683,warm,33,497,2022-10-31
3C259F2D4CCF63B2BFF2,0.4514066496163683,warm,62,498,2022-10-31
BCD4EFE7175B835C9126,0.4514066496163683,warm,54,499,2022-10-31
C050B7FA0C8EB52B07B8,0.44715447154471544,dormant,117,500,2022-10-31
8552F3B2CA592E3ECE79,0.44715447154471544,dormant,110,501,2022-10-31
79577D9FAD25E8A7F2EC,0.44715447154471544,dormant,124,502,2022-10-31
4D133DB9204E408E1017,0.44715447154471544,dormant,115,503,2022-10-31
0A8F4C100642DAC42D40,0.44715447154471544,dormant,123,504,2022-10-31
E8497FEEB8D94B0B7040,0.44715447154471544,dormant,116,505,2022-10-31
183EEAF60D785CA7C364,0.44715447154471544,dormant,117,506,2022-10-31
CC3CDE9EC5710AA77AAE,0.44715447154471544,dormant,91,507,2022-10-31
2EEB6071C4708FDFB08B,0.44715447154471544,dormant,126,508,2022-10-31
F0997006A65B9D5894E6,0.44715447154471544,dormant,137,509,2022-10-31
E26C03704907D4D3E7C4,0.44715447154471544,dormant,96,510,2022-10-31
3B9E504B8046EE943DFB,0.44715447154471544,dormant,137,511,2022-10-31
F80F780138093CBEF756,0.44715447154471544,dormant,115,512,2022-10-31
D63DFAE7E53493A5ADD5,0.44715447154471544,dormant,126,513,2022-10-31
80E320F900DB6D98F973,0.44715447154471544,dormant,104,514,2022-10-31
5E50956AD6AD6D8CAAEF,0.44715447154471544,dormant,94,515,2022-10-31
DE6DC04118FE5E51AE7C,0.44715447154471544,dormant,138,516,2022-10-31
4EB38B726E35F99EBFB6,0.44715447154471544,dormant,116,517,2022-10-31
105D0A796D29371801C4,0.44715447154471544,dormant,126,518,2022-10-31
9463F2FFB0846BBE7B19,0.44715447154471544,dormant,125,519,2022-10-31
CDF9A50F4A35F14C60CA,0.44715447154471544,dormant,94,520,2022-10-31
FCE09924F5186409B637,0.44715447154471544,dormant,101,521,2022-10-31
B5C133228F04A7EF0B53,0.44715447154471544,dormant,110,522,2022-10-31
87A32893B586F4F23B2D,0.44715447154471544,dormant,118,523,2022-10-31
C65024ABA7CEF4C3FCF7,0.44715447154471544,dormant,129,524,2022-10-31
B8953E151E03886C0CCA,0.44715447154471544,dormant,118,525,2022-10-31
9BCB1075909EA99DF855,0.44715447154471544,dormant,115,526,2022-10-31
D5E568D7232FDA7C2BBE,0.44715447154471544,dormant,137,527,2022-10-31
79F75E19B4E9E5047076,0.44715447154471544,dormant,108,528,2022-10-31
78850E5AF14B7E111ABC,0.44715447154471544,dormant,118,529,2022-10-31
7662CDDCDC066DBFE1E1,0.44715447154471544,dormant,136,530,2022-10-31
0B41CB911014A4CF87E5,0.44715447154471544,dormant,101,531,2022-10-31
C21967F4B3B2BF110D71,0.43608124253285546,warm,28,532,2022-10-31
4B797A9521490180D856,0.43608124253285546,warm,39,533,2022-10-31
8CBA01324ED3BE952AB0,0.43608124253285546,warm,33,534,2022-10-31
F7864B228C65F0EFDC42,0.43608124253285546,warm,18,535,2022-10-31
F34E3F3B108E88171F99,0.43608124253285546,warm,69,536,2022-10-31
F56FE2644C3D6C8A4391,0.43608124253285546,warm,7,537,2022-10-31
0E4EF8A976333EA0C3B2,0.43608124253285546,warm,4,538,2022-10-31
DBC1A9BFD7B9E5381CE4,0.43608124253285546,warm,11,539,2022-10-31
D59E8F9F0F78D07307B3,0.43608124253285546,warm,7,540,2022-10-31
DCF5C9CD81A7CBABB370,0.43608124253285546,warm,33,541,2022-10-31
882FD584432B55DA325F,0.43608124253285546,warm,31,542,2022-10-31
0BD8FEFC8A262757D705,0.43608124253285546,warm,20,543,2022-10-31
7CB7F9D1AA31BF9DA75D,0.43608124253285546,warm,35,544,2022-10-31
D462816B676323A43857,0.43608124253285546,warm,38,545,2022-10-31
D4B5CEA2CCD7E41C2004,0.43608124253285546,warm,10,546,2022-10-31
7052B7D1B0153C884ECA,0.43608124253285546,warm,81,547,2022-10-31
6ABAB07437306262BF77,0.43608124253285546,warm,38,548,2022-10-31
28CCAB20B875409CD433,0.43608124253285546,warm,7,549,2022-10-31
A40173977E84EF8EA689,0.43608124253285546,warm,76,550,2022-10-31
417ADF4FF3F33B8F543F,0.43608124253285546,warm,34,551,2022-10-31
4AD4BDD63FAC0C472DC3,0.43608124253285546,warm,4,552,2022-10-31
04CB016C666617D39EF5,0.43608124253285546,warm,46,553,2022-10-31
0F50F6DE43C1A3165457,0.43608124253285546,warm,12,554,2022-10-31
CA24595D24E315582841,0.43608124253285546,warm,4,555,2022-10-31
168D736D9B7FB5317AFE,0.43608124253285546,warm,60,556,2022-10-31
73391FAF348990F8FEB1,0.43608124253285546,warm,27,557,2022-10-31
EE72D78573BB3AE269DF,0.43608124253285546,warm,38,558,2022-10-31
DF38A4E6A34F2DB7AACD,0.43608124253285546,warm,12,559,2022-10-31
EB13C6F7E86E37D893F1,0.43608124253285546,warm,47,560,2022-10-31
645FF60208CB0E640F14,0.43608124253285546,warm,38,561,2022-10-31
0D697CB9FD66BAF46DD9,0.43608124253285546,warm,10,562,2022-10-31
824E9D9F63A7E8C61AE3,0.43608124253285546,warm,35,563,2022-10-31
BEBD5441286FB902CB77,0.4172767203513909,warm,14,564,2022-10-31
BC873F10233C920F8459,0.4172767203513909,warm,38,565,2022-10-31
C095E19FED0C15D972D0,0.4172767203513909,warm,38,566,2022-10-31
332630A95C41E3ECBB4A,0.4172767203513909,warm,20,567,2022-10-31
32ED36933E581E4A741F,0.4172767203513909,warm,52,568,2022-10-31
7611F031CF4E5D79D020,0.4172767203513909,warm,61,569,2022-10-31
7709988F1EC25D4E992A,0.4172767203513909,warm,4,570,2022-10-31
C6C82B45AB88051D0648,0.4172767203513909,warm,7,571,2022-10-31
ABEB93D64BBCFEE55B29,0.4172767203513909,warm,21,572,2022-10-31
45BEAD830FA0083BF700,0.4172767203513909,warm,0,573,2022-10-31
BEC6D93DE2BFAFF8C5B5,0.4172767203513909,warm,52,574,2022-10-31
D690EF411A28DC67CE7A,0.4172767203513909,warm,38,575,2022-10-31
34952440A26E021DB8EF,0.4172767203513909,warm,35,576,2022-10-31
980AF57408C80253AAE5,0.4172767203513909,warm,39,577,2022-10-31
89FED2ACE14F4BF48ED3,0.4172767203513909,warm,56,578,2022-10-31
DE4E383D7CA373B7A987,0.4172767203513909,warm,13,579,2022-10-31
0684426AA1946A804304,0.4172767203513909,warm,35,580,2022-10-31
479CFE56DB1B75A76AE5,0.4172767203513909,warm,38,581,2022-10-31
76C54AE57F645B5DE61F,0.4172767203513909,warm,7,582,2022-10-31
F6C1E168CFF6C866F955,0.4172767203513909,warm,35,583,2022-10-31
8EC49DABA7A6E1716D26,0.4172767203513909,warm,31,584,2022-10-31
5FB0922483D7DFC4646C,0.4172767203513909,warm,34,585,2022-10-31
2963186B0E14AF529AB2,0.4172767203513909,warm,59,586,2022-10-31
88001F19B010C84AE963,0.4172767203513909,warm,12,587,2022-10-31
EF36A0A4BF8B80601DA2,0.4172767203513909,warm,10,588,2022-10-31
FFE29F9391659EE1C3FA,0.4172767203513909,warm,41,589,2022-10-31
4C4880A4B03F3011D145,0.4172767203513909,warm,7,590,2022-10-31
2157B5394E07395A0EEE,0.4172767203513909,warm,32,591,2022-10-31
786BD8FEED5F703E800B,0.4172767203513909,warm,32,592,2022-10-31
F5110E90761546444BF7,0.4172767203513909,warm,6,593,2022-10-31
29388BC900DDC2D92268,0.4172767203513909,warm,7,594,2022-10-31
77E282ACD43BFE517D39,0.4172767203513909,warm,42,595,2022-10-31
248C909C2C21E21E31AB,0.4142857142857143,warm,10,596,2022-10-31
575C79AFDB8EB674F2E9,0.4142857142857143,warm,7,597,2022-10-31
CBF3E6577AA84B9EDA5D,0.4142857142857143,warm,5,598,2022-10-31
D3036786322D58A34BE2,0.4142857142857143,warm,27,599,2022-10-31
2021AE6B16045DDB225B,0.40524193548387094,dormant,139,600,2022-10-31
BCAC262AA0655C1FC1CF,0.40524193548387094,dormant,145,601,2022-10-31
C9784B92C1A2F34FBE50,0.40524193548387094,dormant,118,602,2022-10-31
C5E1086DE729885BB72E,0.40524193548387094,dormant,143,603,2022-10-31
C4FE5DAD2829EA9264DB,0.40524193548387094,dormant,139,604,2022-10-31
4AEBC617CBF4A28B2993,0.40524193548387094,dormant,101,605,2022-10-31
CB0FC9518FA089B7EEB6,0.40524193548387094,dormant,115,606,2022-10-31
188D0656E79BAEE495D4,0.40524193548387094,dormant,115,607,2022-10-31
83E0AD0A38A753853789,0.40524193548387094,dormant,116,608,2022-10-31
28847758FF362B922C50,0.40524193548387094,dormant,118,609,2022-10-31
ED39902BF641F99ECF09,0.40524193548387094,dormant,115,610,2022-10-31
4738259BD31518116B2E,0.40524193548387094,dormant,116,611,2022-10-31
613FC6C597E3445A6E51,0.40524193548387094,dormant,112,612,2022-10-31
0F3C53165A42B41758C5,0.40524193548387094,dormant,137,613,2022-10-31
686D40286B888969A940,0.40524193548387094,dormant,126,614,2022-10-31
9040DFEDB5DBCD9F18DF,0.40524193548387094,dormant,118,615,2022-10-31
2E3ABBC97476D9B582D2,0.40524193548387094,dormant,110,616,2022-10-31
0AA3305698579F1D53CA,0.40524193548387094,dormant,91,617,2022-10-31
35484DF83B1579505EEE,0.40524193548387094,dormant,136,618,2022-10-31
6331593621CA805A2DB2,0.40524193548387094,dormant,111,619,2022-10-31
8D33D0A53F0D0B6B9952,0.40524193548387094,dormant,118,620,2022-10-31
496F31B81C8A271805E5,0.40524193548387094,dormant,98,621,2022-10-31
9B0EDC90C2D69697BE63,0.40524193548387094,dormant,102,622,2022-10-31
9914F0031B0F2181D7F1,0.40524193548387094,dormant,98,623,2022-10-31
B2466824EA4ACBFE9C2E,0.40524193548387094,dormant,95,624,2022-10-31
3D599E06BE8D3373E635,0.40524193548387094,dormant,129,625,2022-10-31
EE3182223573CE2F0690,0.40524193548387094,dormant,104,626,2022-10-31
DF7D87682547B030D6DE,0.40524193548387094,dormant,139,627,2022-10-31
98CF5869F5E159D9E60D,0.40524193548387094,dormant,118,628,2022-10-31
952F53ECE502B3AFE32F,0.40524193548387094,dormant,130,629,2022-10-31
58D2927CD0146A36C283,0.40524193548387094,dormant,136,630,2022-10-31
1256FAD2FEB43F8F5B5F,0.40524193548387094,dormant,118,631,2022-10-31
1820EC43B50CD5DED16C,0.40524193548387094,dormant,103,632,2022-10-31
4C97526115D0FBB7E216,0.40524193548387094,dormant,115,633,2022-10-31
5A1C41A74CCAF9A0A0E8,0.40524193548387094,dormant,101,634,2022-10-31
EF1127401E9F9910CEC3,0.40524193548387094,dormant,103,635,2022-10-31
93461BB72941AC9E70A3,0.40524193548387094,dormant,115,636,2022-10-31
F533D4CEA3B3F5D0CAB5,0.40524193548387094,dormant,137,637,2022-10-31
FE3EE06CD515E667F727,0.40524193548387094,dormant,117,638,2022-10-31
1101E2FEEAA9007B5FA9,0.40524193548387094,dormant,112,639,2022-10-31
778E780EE1172C001972,0.40159767610748004,warm,62,640,2022-10-31
C6966CDE13AFCDCC3F7F,0.40159767610748004,warm,31,641,2022-10-31
E047D9E8123B6B0D597A,0.40159767610748004,warm,34,642,2022-10-31
3D2A12FE315EA4CB0C55,0.40159767610748004,warm,35,643,2022-10-31
61A26A1DA5F05635E568,0.40159767610748004,warm,4,644,2022-10-31
544AADBAA26F24488B55,0.40159767610748004,warm,12,645,2022-10-31
4E494F82A2794D8331F4,0.40159767610748004,warm,35,646,2022-10-31
9AE259034ABB531C447D,0.40159767610748004,warm,45,647,2022-10-31
02F2F060E6FB50B02B8A,0.40159767610748004,warm,32,648,2022-10-31
C64E543607F6A1E7C781,0.40159767610748004,warm,6,649,2022-10-31
C87D4D7EC96FB1A60F74,0.40159767610748004,warm,61,650,2022-10-31
8FF8AE1CFD3737DBBB5E,0.40159767610748004,warm,38,651,2022-10-31
E7EEC3AA8242050DBD63,0.40159767610748004,warm,35,652,2022-10-31
D2630D9F4954EAE83CE6,0.40159767610748004,warm,73,653,2022-10-31
0E8C593A6A1B1C42EA1C,0.40159767610748004,warm,55,654,2022-10-31
4CE5CB1C696609E4923A,0.40159767610748004,warm,82,655,2022-10-31
563C755FD6EAF5EF99C4,0.40159767610748004,warm,26,656,2022-10-31
5583762AF5FAB19914DF,0.40159767610748004,warm,24,657,2022-10-31
BE53C01B74A6EDB82267,0.40159767610748004,warm,12,658,2022-10-31
BC85E86881E845E0D8F3,0.40159767610748004,warm,35,659,2022-10-31
CB3FE5CC4E2AEE5DAD40,0.40159767610748004,warm,19,660,2022-10-31
040F35F7C6F2D51C7F8E,0.40159767610748004,warm,0,661,2022-10-31
820E1B70929E5565205D,0.40159767610748004,warm,60,662,2022-10-31
6E46725DBD78C75A6C38,0.40159767610748004,warm,34,663,2022-10-31
BFC6CB12AF2E5C04E11E,0.40159767610748004,warm,38,664,2022-10-31
693BD31F9B224F1EA6CE,0.40159767610748004,warm,31,665,2022-10-31
5829EC1F0A38973CFB4D,0.40159767610748004,warm,38,666,2022-10-31
30283B3053B2F93FFEA8,0.40159767610748004,warm,4,667,2022-10-31
5A291CC8B1BF43819C95,0.40159767610748004,warm,35,668,2022-10-31
E44EBA800E43038BB3DB,0.40159767610748004,warm,38,669,2022-10-31
21D6ACF4ED5016B1A277,0.40159767610748004,warm,54,670,2022-10-31
C62F86794F575D6B6D22,0.40159767610748004,warm,35,671,2022-10-31
A1876B1EF01FE1CDFE6C,0.40159767610748004,warm,45,672,2022-10-31
C48F84EFB1A98AA5ED0D,0.40159767610748004,warm,56,673,2022-10-31
C79EBFD16ECF9B259A4C,0.40159767610748004,warm,41,674,2022-10-31
48825D89540FC843CC0F,0.40159767610748004,warm,28,675,2022-10-31
D0D3D5D2AF8925DCAA28,0.40159767610748004,warm,38,676,2022-10-31
A0111F4810925ED6C1A6,0.40159767610748004,warm,38,677,2022-10-31
C85582CC6203F8713BE7,0.40159767610748004,warm,74,678,2022-10-31
9960E6EDE62B62F5B8D9,0.40159767610748004,warm,35,679,2022-10-31
D993965D572B1AF1DFEE,0.40159767610748004,warm,59,680,2022-10-31
ACCE39F58547BC45A429,0.40159767610748004,warm,61,681,2022-10-31
3EE99D8688412CB21722,0.40159767610748004,warm,10,682,2022-10-31
6980725A32553969659B,0.40159767610748004,warm,38,683,2022-10-31
2F3CF8DA8E3CE832E49C,0.40159767610748004,warm,12,684,2022-10-31
9D333E54A9D71E23C093,0.40159767610748004,warm,115,685,2022-10-31
537A620100DE7A0B3816,0.40159767610748004,warm,38,686,2022-10-31
82F1E2A0B0755A6D61B8,0.3944591029023747,warm,38,687,2022-10-31
80F50793C3B95AF18E67,0.3944591029023747,warm,35,688,2022-10-31
366A38893A59AFA69830,0.3944591029023747,warm,35,689,2022-10-31
53CE1677DB21055D201B,0.3944591029023747,warm,46,690,2022-10-31
C7AC1464AAAA4F8D7748,0.3944591029023747,warm,10,691,2022-10-31
F4DB2014A870F9595E5C,0.3944591029023747,warm,35,692,2022-10-31
1F58CABA8CE7DBB5C2CB,0.3944591029023747,warm,38,693,2022-10-31
83827F06E8689D4C3BAC,0.3944591029023747,warm,25,694,2022-10-31
E461FFB1F0ABAADD131F,0.3944591029023747,warm,80,695,2022-10-31
E3D69C4A9EF7DC1F3F96,0.3944591029023747,warm,7,696,2022-10-31
55F5F212E8755BD7E6A6,0.3944591029023747,warm,20,697,2022-10-31
8AECB36AFD432E892D89,0.3944591029023747,warm,45,698,2022-10-31
BB35E40C601052F1EE02,0.3944591029023747,warm,28,699,2022-10-31
9FBBA9371FF498277191,0.3944591029023747,warm,40,700,2022-10-31
5F910E650BAFFF9D8F9E,0.3944591029023747,warm,25,701,2022-10-31
C1FD0995387CB3502F76,0.3944591029023747,warm,31,702,2022-10-31
F9B18CB27DF460D3EB4B,0.3944591029023747,warm,42,703,2022-10-31
3265837AE5EDFF0D6BF6,0.3944591029023747,warm,34,704,2022-10-31
DAECBCB175CE47770E8B,0.3944591029023747,warm,17,705,2022-10-31
0C7A955CD4FD8AC161BB,0.3944591029023747,warm,18,706,2022-10-31
64F221502396B191DC0E,0.3944591029023747,warm,56,707,2022-10-31
A70E571EEA8E9F60B2D4,0.3944591029023747,warm,12,708,2022-10-31
876A4D2995DFDC0FE239,0.3944591029023747,warm,52,709,2022-10-31
3FA5B47E03D92D630F87,0.3944591029023747,warm,11,710,2022-10-31
DCC439D1E7BB4DCC5C87,0.3944591029023747,warm,35,711,2022-10-31
4EF218F6D0FE463570D0,0.3944591029023747,warm,40,712,2022-10-31
F5BDE01FA35D5AC4ACE8,0.3944591029023747,warm,26,713,2022-10-31
9BCE795BE8C39E0F4578,0.3944591029023747,warm,0,714,2022-10-31
54BF8422BD9EE718A28F,0.38215712383488687,warm,59,715,2022-10-31
70B487E050EECF149098,0.38215712383488687,warm,20,716,2022-10-31
754F4EDCEC7AF38BE362,0.38215712383488687,warm,0,717,2022-10-31
36FA28EC7D39080C73A2,0.38215712383488687,warm,38,718,2022-10-31
301292F805CFBC71EE05,0.38215712383488687,warm,12,719,2022-10-31
F99C070BBCE757DDE4D6,0.38215712383488687,warm,38,720,2022-10-31
F3CFFB7816B73A871B60,0.38215712383488687,warm,62,721,2022-10-31
D517768B552ADADE0B7A,0.38215712383488687,warm,40,722,2022-10-31
807317D9E4AC949AD4BE,0.38215712383488687,warm,11,723,2022-10-31
4655532518BECB431610,0.38215712383488687,warm,38,724,2022-10-31
48FE5973BF0A083D008E,0.38215712383488687,warm,32,725,2022-10-31
D46B21EF01B83A49AD0C,0.38215712383488687,warm,35,726,2022-10-31
03DD72529CB0C149C9CF,0.38215712383488687,warm,59,727,2022-10-31
7DC2D05C223230D480D9,0.38215712383488687,warm,56,728,2022-10-31
14D7EA6FE318AC5B5CE0,0.38215712383488687,warm,28,729,2022-10-31
ED77CC537BCCE1CE8227,0.38215712383488687,warm,40,730,2022-10-31
7B4C9B840CD8CCEBDC86,0.38215712383488687,warm,27,731,2022-10-31
FC80620F158B3AFE94DB,0.38215712383488687,warm,26,732,2022-10-31
8A05160314ADC640C0EE,0.38215712383488687,warm,47,733,2022-10-31
0FFE9146E34227E2D2D2,0.38215712383488687,warm,7,734,2022-10-31
260350D717BD53213640,0.38215712383488687,warm,35,735,2022-10-31
A1C8E2AF9F8C705319E1,0.38215712383488687,warm,11,736,2022-10-31
819A332D46DC81FC455D,0.38215712383488687,warm,45,737,2022-10-31
486C91DC9CD96AFAAB5B,0.38215712383488687,warm,7,738,2022-10-31
521CDCA53AC6983226FB,0.38215712383488687,warm,32,739,2022-10-31
666822BBDBE84D31866C,0.38215712383488687,warm,34,740,2022-10-31
6BFC4639779A60AFE61E,0.38215712383488687,warm,35,741,2022-10-31
22C596B0278BC053B04C,0.38215712383488687,warm,33,742,2022-10-31
1D289ECA064BA7AEB070,0.38215712383488687,warm,66,743,2022-10-31
7B7441EEF6B200DD6230,0.3726114649681529,dormant,117,744,2022-10-31
D2B013C6F771929C1A5E,0.3726114649681529,dormant,124,745,2022-10-31
02665C16BE4097B2FA33,0.3726114649681529,dormant,105,746,2022-10-31
C5EF989D0DBF9B07C238,0.3726114649681529,dormant,126,747,2022-10-31
EE919F10E7C2A8581595,0.3726114649681529,dormant,117,748,2022-10-31
ABC00228CC7E14369520,0.3726114649681529,dormant,165,749,2022-10-31
0E67424C1D5D2C819BF3,0.3726114649681529,dormant,101,750,2022-10-31
0A3D03CA05EE89EAE5AC,0.3726114649681529,dormant,119,751,2022-10-31
E634F4D15765422F0B56,0.3726114649681529,dormant,154,752,2022-10-31
132C7B9B9A6B0FBB4FF2,0.3726114649681529,dormant,115,753,2022-10-31
33E52AA934DF7A4CB3DD,0.3726114649681529,dormant,117,754,2022-10-31
1FDE8BAF16EE82DCD6DC,0.3726114649681529,dormant,115,755,2022-10-31
78122F81795BF4AF095E,0.3726114649681529,dormant,139,756,2022-10-31
AAB863D72F6114173F5A,0.3726114649681529,dormant,185,757,2022-10-31
EE95E7EE48DA5F098C95,0.3726114649681529,dormant,137,758,2022-10-31
4550A89D1037E569E8B8,0.3726114649681529,dormant,118,759,2022-10-31
DCC573DCA448E131BEE4,0.3726114649681529,dormant,139,760,2022-10-31
6FDE12D9AF0EE3A02D6B,0.3726114649681529,dormant,95,761,2022-10-31
58462EC721748316454C,0.3726114649681529,dormant,152,762,2022-10-31
BF9398ECAB680290B0EC,0.3726114649681529,dormant,124,763,2022-10-31
BC466D8F02AEAE3E188A,0.3726114649681529,dormant,112,764,2022-10-31
81C5D65DB6C09E04C3CA,0.3726114649681529,dormant,119,765,2022-10-31
42E7D1D2782A5FB50845,0.3726114649681529,dormant,112,766,2022-10-31
B48D8C1A592B2BBEF2A2,0.3726114649681529,dormant,101,767,2022-10-31
D4A46F8CABB605D909A6,0.3726114649681529,dormant,110,768,2022-10-31
79672707DC4CA6F01F40,0.3726114649681529,dormant,137,769,2022-10-31
FC7F31FA18F9E42EA48E,0.3726114649681529,dormant,103,770,2022-10-31
1EF5F1609442D83243DB,0.3726114649681529,dormant,129,771,2022-10-31
4FE7F997591F02A9600B,0.3726114649681529,dormant,115,772,2022-10-31
6570516943731E4D805A,0.3726114649681529,dormant,115,773,2022-10-31
330C8E01ECC606F655E6,0.3726114649681529,dormant,95,774,2022-10-31
5800C5D416936B36793B,0.3726114649681529,dormant,130,775,2022-10-31
0B952CB8DA75C09A2BD6,0.3726114649681529,dormant,118,776,2022-10-31
6DCFD33DA4C2E96EFADD,0.3726114649681529,dormant,139,777,2022-10-31
D964475516EB4D2D489C,0.3726114649681529,dormant,111,778,2022-10-31
C03B55092E37B477CFD0,0.3591874422899354,warm,33,779,2022-10-31
07B6DE9E7555411EEF93,0.3591874422899354,warm,20,780,2022-10-31
458B0F431350CF79BC05,0.3591874422899354,warm,48,781,2022-10-31
6097C281F812A6968ACA,0.3591874422899354,warm,49,782,2022-10-31
F39FD690A6F4FEAB0311,0.3591874422899354,warm,81,783,2022-10-31
E6FA104BAA0D2108FFA2,0.3591874422899354,warm,56,784,2022-10-31
AC822B5DC6E01E202EA8,0.3591874422899354,warm,12,785,2022-10-31
AA12D3F0976D5ADFD178,0.3591874422899354,warm,13,786,2022-10-31
B7436B9052E29FAFC4A3,0.3591874422899354,warm,52,787,2022-10-31
1668226A31F584C6B90B,0.3591874422899354,warm,0,788,2022-10-31
3AD8F962A6C5757453B0,0.3591874422899354,warm,53,789,2022-10-31
B11EE9BC4E2990F7B72D,0.3591874422899354,warm,56,790,2022-10-31
38269A23CC20E5B140E9,0.3591874422899354,warm,54,791,2022-10-31
E7E2104842736DFA8640,0.3591874422899354,warm,54,792,2022-10-31
5D70778D8FB95F2D40F4,0.3591874422899354,warm,35,793,2022-10-31
49FF3808CCEB831ABE06,0.3591874422899354,warm,63,794,2022-10-31
688CAFDBC409602876B0,0.3591874422899354,warm,7,795,2022-10-31
47CD5E221F0478831FCC,0.3591874422899354,warm,4,796,2022-10-31
0711E67D99B9B0B832C2,0.3591874422899354,warm,13,797,2022-10-31
20F86EC61B447EBAC047,0.3591874422899354,warm,60,798,2022-10-31
502F436CA24BBCCA1610,0.3591874422899354,warm,52,799,2022-10-31
67CBA2774F275DDBD88A,0.3591874422899354,warm,38,800,2022-10-31
5DC454B1B6B90D5025FD,0.3591874422899354,warm,38,801,2022-10-31
43BBE103E93F1B6C5CE5,0.3591874422899354,warm,35,802,2022-10-31
431D8CF43C53DD5598BC,0.3591874422899354,warm,20,803,2022-10-31
8EE4C6FF89EEB94E0530,0.3591874422899354,warm,17,804,2022-10-31
16E617CC066BFF6CF769,0.3591874422899354,warm,54,805,2022-10-31
A41DEDDF2254E06F6E24,0.3591874422899354,warm,24,806,2022-10-31
E9CF7625FB790B097C95,0.3591874422899354,warm,34,807,2022-10-31
7E39466BDB58D72EA5D5,0.3591874422899354,warm,28,808,2022-10-31
55241219AC03DCDC7172,0.3591874422899354,warm,60,809,2022-10-31
44BE6EF4258A163431B6,0.3591874422899354,warm,81,810,2022-10-31
AB9DE059452C067EF587,0.3591874422899354,warm,38,811,2022-10-31
8BF5F78F5E898AF8E0EC,0.3591874422899354,warm,24,812,2022-10-31
017B4C60E3DE9D9986CF,0.3591874422899354,warm,35,813,2022-10-31
E3EBBEF157553FD50019,0.3591874422899354,warm,38,814,2022-10-31
464234B38762561FE225,0.3591874422899354,warm,224,815,2022-10-31
06412B0F985F9FD4B4B2,0.3591874422899354,warm,73,816,2022-10-31
6ACEA7351A8F87F25D2C,0.3591874422899354,warm,48,817,2022-10-31
08745F3EDC309F8AC668,0.3591874422899354,warm,13,818,2022-10-31
29020D0379DC5A78406C,0.3591874422899354,warm,55,819,2022-10-31
0714F1328A20EBBC2FAF,0.3591874422899354,warm,32,820,2022-10-31
2E402D7D0956744F5419,0.3591874422899354,warm,60,821,2022-10-31
8F4F49365B8A6CA8E128,0.3591874422899354,warm,5,822,2022-10-31
7C6FE836CE89A003EE1F,0.3591874422899354,warm,28,823,2022-10-31
426543989AB3548C6EAA,0.3591874422899354,warm,38,824,2022-10-31
3281430DB9EE8C4973D7,0.3591874422899354,warm,32,825,2022-10-31
DF1DF598A7EAA6F24DBB,0.3591874422899354,warm,34,826,2022-10-31
A413142FA040D0A075FC,0.3591874422899354,warm,38,827,2022-10-31
951C5EE818D8A7CEB37A,0.35235235235235235,warm,76,828,2022-10-31
BD48B85C8047CDCA37A7,0.35235235235235235,warm,34,829,2022-10-31
675F14DDD259999C656B,0.35235235235235235,warm,59,830,2022-10-31
9C0181F6E36C7456A844,0.35235235235235235,warm,63,831,2022-10-31
D8E204BFD2F45F56F8AC,0.35235235235235235,warm,33,832,2022-10-31
78ECC8D5610680952A83,0.35235235235235235,warm,38,833,2022-10-31
42DD1D76D74555926931,0.35235235235235235,warm,33,834,2022-10-31
F1370C262DECEE1A5CAF,0.35235235235235235,warm,53,835,2022-10-31
9F3FD2198376F091650B,0.35235235235235235,warm,14,836,2022-10-31
D1127E8F6CC161350D0F,0.35235235235235235,warm,49,837,2022-10-31
2703D8C7E2041C769ECE,0.35235235235235235,warm,69,838,2022-10-31
DBAB9EE4F23F9C88E77B,0.35235235235235235,warm,26,839,2022-10-31
E7355F5E9110930F82CF,0.35235235235235235,warm,0,840,2022-10-31
48C28D9988A94D755BC7,0.35235235235235235,warm,38,841,2022-10-31
9FBB27F7A7DCE69AF2FF,0.35235235235235235,warm,12,842,2022-10-31
FAB7E546E923BD59118C,0.35235235235235235,warm,28,843,2022-10-31
35C15F6326587277715C,0.35235235235235235,warm,28,844,2022-10-31
5180B50A10AAD1C7D0F8,0.35235235235235235,warm,87,845,2022-10-31
5A3E3E58D04A56EAED9A,0.35235235235235235,warm,55,846,2022-10-31
BD3641BB0A558141E9E9,0.35235235235235235,warm,62,847,2022-10-31
0B3A7EA0A858F0DD1A8C,0.35235235235235235,warm,47,848,2022-10-31
31E8C6EFC0C52A135437,0.35235235235235235,warm,11,849,2022-10-31
8EB38F77371A2D2F5C22,0.35235235235235235,warm,7,850,2022-10-31
53AEDCF15EE0749C7E7A,0.35235235235235235,warm,52,851,2022-10-31
F26B0EC30CEDF9CA1A79,0.35235235235235235,warm,76,852,2022-10-31
25F35899CEB317277964,0.35235235235235235,warm,33,853,2022-10-31
6D0DFF873CAEC9BEBF9E,0.35235235235235235,warm,35,854,2022-10-31
2EB6E94C7435499BFC21,0.35235235235235235,warm,38,855,2022-10-31
2189D6A94B038DE22D33,0.35235235235235235,warm,35,856,2022-10-31
F71A94B2100FDC22A81C,0.35235235235235235,warm,5,857,2022-10-31
48C2BBE9C58A187B374B,0.35235235235235235,warm,34,858,2022-10-31
776F88031B1CA59BECDA,0.35235235235235235,warm,40,859,2022-10-31
0F820583127BF9C825FF,0.35235235235235235,warm,48,860,2022-10-31
5DC4820DCCBB24F90CF2,0.35235235235235235,warm,0,861,2022-10-31
A4AC242D93D086E5A7BE,0.35235235235235235,warm,47,862,2022-10-31
B7A936F5DCAEBD72352C,0.35235235235235235,warm,33,863,2022-10-31
459F994772BC22234D78,0.35235235235235235,warm,42,864,2022-10-31
78B370D99261499DE629,0.35235235235235235,warm,32,865,2022-10-31
E85845B58A247ED66A08,0.35235235235235235,warm,68,866,2022-10-31
80528008C2F85C898071,0.35235235235235235,warm,28,867,2022-10-31
F9E09924828A97510EAB,0.35235235235235235,warm,52,868,2022-10-31
A83A6FB97CD11FFDCACF,0.35235235235235235,warm,31,869,2022-10-31
2FEDE3DF95C33D86C402,0.35235235235235235,warm,38,870,2022-10-31
12D5E65B656AC421D81E,0.35235235235235235,warm,59,871,2022-10-31
E4E53EAE5565D3D8C948,0.35235235235235235,warm,49,872,2022-10-31
BF3FF8E7110F7FE438A4,0.33271719038817005,warm,67,873,2022-10-31
04D459D1592EB9335F3D,0.33271719038817005,warm,0,874,2022-10-31
3F22001B33F6193E3C50,0.33271719038817005,warm,0,875,2022-10-31
FC3CECA4C404BD3A4146,0.33271719038817005,warm,53,876,2022-10-31
9DDAA48AD245C3C11446,0.33271719038817005,warm,56,877,2022-10-31
F8017F7D6A88641EFB1E,0.33271719038817005,warm,48,878,2022-10-31
62D784E566CA662ADBA2,0.33271719038817005,warm,31,879,2022-10-31
2E686CF12A09E656B1E3,0.33271719038817005,warm,35,880,2022-10-31
6E0388D953F33D19BB3F,0.33271719038817005,warm,45,881,2022-10-31
16F23D4C34E8B8A654DB,0.33271719038817005,warm,46,882,2022-10-31
E339F6585AE3661D829D,0.33271719038817005,warm,52,883,2022-10-31
BACA8854C83F236F7E44,0.33271719038817005,warm,28,884,2022-10-31
EA663B95BCF248FA3DA3,0.33271719038817005,warm,56,885,2022-10-31
93162182100947CF0A75,0.33271719038817005,warm,45,886,2022-10-31
26080E3749E1F394D218,0.33271719038817005,warm,52,887,2022-10-31
61765EC93F33A40B7968,0.33271719038817005,warm,38,888,2022-10-31
F98501599E31E55CF89A,0.33271719038817005,warm,52,889,2022-10-31
B253B9886ED1DAE65055,0.33271719038817005,warm,10,890,2022-10-31
261DF13D36F7CB70D669,0.33271719038817005,warm,35,891,2022-10-31
FA671ECDD7A060FFFBA8,0.33271719038817005,warm,33,892,2022-10-31
D26D0222041AF353796E,0.33271719038817005,warm,52,893,2022-10-31
998F907C60F12528DDE5,0.33271719038817005,warm,10,894,2022-10-31
19AA2F995D7BD6A2DD17,0.33271719038817005,warm,95,895,2022-10-31
8EF222B0035A82FD2AFE,0.33271719038817005,warm,73,896,2022-10-31
6561147CA035ED60B1E6,0.33271719038817005,warm,38,897,2022-10-31
480B95C8C35876608639,0.33271719038817005,warm,52,898,2022-10-31
BCA444EC373FB8553C1D,0.33271719038817005,warm,49,899,2022-10-31
C056CDA73261846B770E,0.33271719038817005,warm,54,900,2022-10-31
52AF123A6BBF5A2A1BB9,0.33271719038817005,warm,49,901,2022-10-31
CCEB4E37C1FA653E5759,0.33271719038817005,warm,32,902,2022-10-31
8AAD5D51C2A372465531,0.33271719038817005,warm,7,903,2022-10-31
2E531F084C55EBA834E5,0.33271719038817005,warm,35,904,2022-10-31
618ABA5C72807C72EFF7,0.33271719038817005,warm,26,905,2022-10-31
CFE73DACF1C4B61BCD76,0.33271719038817005,warm,48,906,2022-10-31
BE444C19350D6B5A4E95,0.33271719038817005,warm,11,907,2022-10-31
BBCCA4CBFDBBFEBE75AB,0.33271719038817005,warm,12,908,2022-10-31
826B846D934F5F03B93F,0.33271719038817005,warm,33,909,2022-10-31
972F29378E5CA46859D4,0.33271719038817005,warm,6,910,2022-10-31
3B1619C2F1C3B4CC8ED0,0.33271719038817005,warm,38,911,2022-10-31
6AE8A366BF18FAA4A564,0.33271719038817005,warm,31,912,2022-10-31
8E2B92A9384F57EBE32C,0.33271719038817005,warm,7,913,2022-10-31
79F43A246CE5B45A04B4,0.33271719038817005,warm,35,914,2022-10-31
C7FB8A435EC7D7240877,0.33,dormant,112,915,2022-10-31
391908AB729B0065F936,0.33,dormant,132,916,2022-10-31
DD7F738257719A09EEA8,0.33,dormant,104,917,2022-10-31
B66AE6864EBCAF2A7B12,0.33,dormant,132,918,2022-10-31
DA53396E1C3FFF901DA7,0.33,dormant,145,919,2022-10-31
1C2CE4328578F4E2DE80,0.33,dormant,115,920,2022-10-31
640961F17DEF214D26E0,0.33,dormant,118,921,2022-10-31
616CC554852306EB4192,0.33,dormant,105,922,2022-10-31
D55495B39FE52F57F966,0.33,dormant,108,923,2022-10-31
B5D82406FA86DCC37AE5,0.33,dormant,164,924,2022-10-31
B3BE7E4215F5CBD982C0,0.33,dormant,94,925,2022-10-31
29E559EA13277DFAA74D,0.33,dormant,119,926,2022-10-31
23A07F14DD7FF1B780F9,0.33,dormant,165,927,2022-10-31
47E212756D524665622F,0.33,dormant,96,928,2022-10-31
60C8068E3CA62ADCF64D,0.33,dormant,123,929,2022-10-31
EB6284E2CE3CCA17B4DD,0.33,dormant,126,930,2022-10-31
37DB5856421DC05D060E,0.33,dormant,137,931,2022-10-31
D166D6B93D62E74B1D1E,0.33,dormant,105,932,2022-10-31
3B4E1E74EA0D94A9F206,0.33,dormant,117,933,2022-10-31
7AA8ABA5C7A9F2E08125,0.33,dormant,115,934,2022-10-31
94A16DE0F59F24BB77C2,0.33,dormant,110,935,2022-10-31
E839DEF673214AE0D8B9,0.33,dormant,96,936,2022-10-31
25DC2F9ECE9C53C69A55,0.33,dormant,105,937,2022-10-31
4A85CC23C7C6BC222AF6,0.33,dormant,125,938,2022-10-31
B5739BF81101A9763D05,0.33,dormant,117,939,2022-10-31
695976C8B090A81494B8,0.33,dormant,123,940,2022-10-31
EEDD35F57B50462A8E57,0.33,dormant,130,941,2022-10-31
3E6A3549FF300EA94058,0.33,dormant,123,942,2022-10-31
2C289861163C406B1BE0,0.33,dormant,143,943,2022-10-31
25E4BE092974528D922A,0.33,dormant,178,944,2022-10-31
674F72A8698375D187BD,0.33,dormant,115,945,2022-10-31
962B77BA51BB12DD0DF3,0.33,dormant,122,946,2022-10-31
3E2EDFA84656A386F9A0,0.33,dormant,118,947,2022-10-31
4C63B99FC623E985A432,0.33,dormant,115,948,2022-10-31
0C1F97E1EDA3E7C61A9F,0.33,dormant,153,949,2022-10-31
A0C856F14A7163C42E94,0.33,dormant,117,950,2022-10-31
C004B410BE52C12B8799,0.3277623026926648,warm,0,951,2022-10-31
9E72742B999974C71D4A,0.3277623026926648,warm,63,952,2022-10-31
83E33DEBD25B19BD6D3E,0.3277623026926648,warm,89,953,2022-10-31
B886848A8DF17A515C6D,0.3277623026926648,warm,67,954,2022-10-31
FC4489DB11334B7CA676,0.3277623026926648,warm,4,955,2022-10-31
FA74A967703E9401457F,0.3277623026926648,warm,49,956,2022-10-31
C92E064D903F823E53BD,0.3277623026926648,warm,38,957,2022-10-31
CC0687572D898D64F02E,0.3277623026926648,warm,47,958,2022-10-31
DD4AB75F6B20C3FE13BB,0.3277623026926648,warm,53,959,2022-10-31
F99D6056842B7B529459,0.3277623026926648,warm,59,960,2022-10-31
E603AFCC475DE5143DA9,0.3277623026926648,warm,73,961,2022-10-31
077684684DD6E9DC3754,0.3277623026926648,warm,54,962,2022-10-31
B5232F96CE84A9B05ED8,0.3277623026926648,warm,33,963,2022-10-31
DF2D14061DC59D7E43C2,0.3277623026926648,warm,68,964,2022-10-31
D6596863F47793772B74,0.3277623026926648,warm,34,965,2022-10-31
EFF4793FBC032B8F627A,0.3277623026926648,warm,59,966,2022-10-31
61729D8B16F07E183E9E,0.3277623026926648,warm,12,967,2022-10-31
ECE076989046C859C8E1,0.3277623026926648,warm,35,968,2022-10-31
9B302AFE739E9BFADF66,0.3277623026926648,warm,42,969,2022-10-31
224310D6CE7579A380EE,0.3277623026926648,warm,33,970,2022-10-31
22CCDBAE04C9C0DF576D,0.3277623026926648,warm,63,971,2022-10-31
23DB53D3CC0F8EBEBF02,0.3277623026926648,warm,32,972,2022-10-31
1BBA798F685023D645F1,0.3277623026926648,warm,31,973,2022-10-31
A40ACD59F40F806087C3,0.3277623026926648,warm,20,974,2022-10-31
414E7F6292210BA4307B,0.3277623026926648,warm,68,975,2022-10-31
2A5123763DDDE2A1AE7C,0.3277623026926648,warm,54,976,2022-10-31
F1C256835D5C38BF576C,0.3277623026926648,warm,67,977,2022-10-31
0502DC61E692264FA8A6,0.3277623026926648,warm,56,978,2022-10-31
D9C272D6CC2604814E05,0.3277623026926648,warm,53,979,2022-10-31
29678FF8F87323006DC2,0.3277623026926648,warm,56,980,2022-10-31
D9E92B6F46C088CEB06C,0.3277623026926648,warm,38,981,2022-10-31
3C66968260C6363D8120,0.3277623026926648,warm,32,982,2022-10-31
E3854B8B91DA47B7FC08,0.3277623026926648,warm,13,983,2022-10-31
C3878FB0525AB726CB3E,0.3277623026926648,warm,18,984,2022-10-31
8BA2CDE8DFA5978BBFC7,0.3277623026926648,warm,54,985,2022-10-31
0370A772C7431EBA6C9B,0.3277623026926648,warm,59,986,2022-10-31
BE8A2B0AB65D79D3113D,0.3277623026926648,warm,39,987,2022-10-31
834C9261E0C8E7143F19,0.3277623026926648,warm,12,988,2022-10-31
135605094274ADF13018,0.3277623026926648,warm,53,989,2022-10-31
8EC562E09C1DA98375CC,0.3277623026926648,warm,80,990,2022-10-31
72BFED5CBFA9E8467B74,0.3277623026926648,warm,38,991,2022-10-31
F8DBC2B0536A000E9ACD,0.3277623026926648,warm,54,992,2022-10-31
6DE1FDBCD2E10CD9A8E6,0.32547169811320753,dormant,171,993,2022-10-31
E2CAE16FEE06C0EE1128,0.32547169811320753,dormant,119,994,2022-10-31
394EBB94CF8A92A08B46,0.32547169811320753,dormant,117,995,2022-10-31
B9E88752C2EF02986609,0.32547169811320753,dormant,101,996,2022-10-31
DCFC153CED55A74C3469,0.32547169811320753,dormant,124,997,2022-10-31
581536315F96B2FF760B,0.32547169811320753,dormant,126,998,2022-10-31
3F936242CB2535C51AD2,0.32547169811320753,dormant,143,999,2022-10-31
9D0A346B5799578A6FA6,0.31451612903225806,warm,52,1000,2022-10-31
753A5ED05519B6989A3F,0.31451612903225806,warm,11,1001,2022-10-31
7232B6267E0B9D68FBFA,0.31451612903225806,warm,69,1002,2022-10-31
D8E2855E84813A720701,0.31451612903225806,warm,34,1003,2022-10-31
3F4B82BE0520E4838763,0.31451612903225806,warm,61,1004,2022-10-31
6925B7DA573CDB61456B,0.31451612903225806,warm,40,1005,2022-10-31
1E57B2995BD2AA3ED5E6,0.31451612903225806,warm,42,1006,2022-10-31
5739B2EAFE3AB57C937E,0.31451612903225806,warm,62,1007,2022-10-31
63E5D871DBCC6B49CE06,0.31451612903225806,warm,63,1008,2022-10-31
A41A9346997B7741D54F,0.31451612903225806,warm,11,1009,2022-10-31
54EE3B9135DBDCE3444A,0.31451612903225806,warm,70,1010,2022-10-31
7F6A1BCE31576D37024A,0.31451612903225806,warm,32,1011,2022-10-31
5E8B0F6190A4E4F89792,0.31451612903225806,warm,61,1012,2022-10-31
93730B8FF83C364CD27E,0.31451612903225806,warm,0,1013,2022-10-31
B71E572A5676DBEFBB17,0.31451612903225806,warm,61,1014,2022-10-31
B7BFEDAC8A81F3C42755,0.31451612903225806,warm,63,1015,2022-10-31
CB0EDD63CAFB7788D1EC,0.31451612903225806,warm,13,1016,2022-10-31
EAA90BE947811C2E1607,0.31451612903225806,warm,49,1017,2022-10-31
A421C251BDCC6C9E93BF,0.31451612903225806,warm,48,1018,2022-10-31
4AA98A0BCE7C710179AD,0.31451612903225806,warm,35,1019,2022-10-31
33B55DA824AA915EB71E,0.31451612903225806,warm,4,1020,2022-10-31
225C16228F7435ABAE18,0.31451612903225806,warm,13,1021,2022-10-31
AA81A42A55CE2934B229,0.31451612903225806,warm,61,1022,2022-10-31
B315812B3F018D62AF42,0.31451612903225806,warm,63,1023,2022-10-31
9187DEB58864863CC287,0.31451612903225806,warm,74,1024,2022-10-31
0DC89E6D29015AE4F850,0.31451612903225806,warm,24,1025,2022-10-31
0FB3B521E3F04DEC8985,0.31451612903225806,warm,4,1026,2022-10-31
1BA7389DB20C5CD4E355,0.31451612903225806,warm,4,1027,2022-10-31
584499598F91C125D3AA,0.31451612903225806,warm,56,1028,2022-10-31
D7E069176E6355923588,0.31451612903225806,warm,40,1029,2022-10-31
647B5AA21E473028CFE9,0.31451612903225806,warm,33,1030,2022-10-31
0956219EE270AC2F56B7,0.31451612903225806,warm,12,1031,2022-10-31
44FD7CC16D02CE188DA1,0.3131868131868132,dormant,143,1032,2022-10-31
346C15B2812AC7BC561E,0.3131868131868132,dormant,115,1033,2022-10-31
4D98C1BF1DBF1D63170C,0.3131868131868132,dormant,118,1034,2022-10-31
6ACD1C6B9579452320EA,0.3131868131868132,dormant,118,1035,2022-10-31
B538B222DE2B018810AB,0.3131868131868132,dormant,138,1036,2022-10-31
37E5A2D4178B5563B877,0.3131868131868132,dormant,122,1037,2022-10-31
B1DF04E7BD50164761D6,0.3131868131868132,dormant,143,1038,2022-10-31
B890682A13AFF6D470D3,0.3131868131868132,dormant,138,1039,2022-10-31
E23FAEB46BAE00FD9664,0.3131868131868132,dormant,119,1040,2022-10-31
8CD91A6732D476E0E251,0.3131868131868132,dormant,137,1041,2022-10-31
6E4E3227969992DE1627,0.3131868131868132,dormant,103,1042,2022-10-31
BDBB22D56174CD80A249,0.3131868131868132,dormant,103,1043,2022-10-31
C56011EF6113E9399E47,0.3131868131868132,dormant,150,1044,2022-10-31
FC29475A27FB75A95D4B,0.3131868131868132,dormant,174,1045,2022-10-31
D911BD85F7F26BB467B1,0.3131868131868132,dormant,94,1046,2022-10-31
9D2C84B3AC425368AF5D,0.3131868131868132,dormant,115,1047,2022-10-31
19A528F14C0FC7E3494F,0.3131868131868132,dormant,138,1048,2022-10-31
8499363626861CF51C30,0.3131868131868132,dormant,117,1049,2022-10-31
90A91CE88D25B3EB0F89,0.3131868131868132,dormant,91,1050,2022-10-31
FDBCDB73FE9C16E75D37,0.3131868131868132,dormant,126,1051,2022-10-31
0BCA52E2E4AEC07D7CF7,0.3131868131868132,dormant,109,1052,2022-10-31
80B3A6C120E82B89CA04,0.3131868131868132,dormant,117,1053,2022-10-31
55B8BF72B4E452B8DAD1,0.3131868131868132,dormant,94,1054,2022-10-31
FCAFF81FD238311EABBA,0.3131868131868132,dormant,104,1055,2022-10-31
9487BA4F53A6D25E9920,0.3131868131868132,dormant,126,1056,2022-10-31
91064AA635330752EF1E,0.3131868131868132,dormant,180,1057,2022-10-31
4086652767F72F0BD599,0.3131868131868132,dormant,109,1058,2022-10-31
118A3BD4DD9B838903C2,0.3131868131868132,dormant,101,1059,2022-10-31
F9F863E14273C528E0CD,0.3131868131868132,dormant,146,1060,2022-10-31
5CB736236B51FEBB34EB,0.3131868131868132,dormant,129,1061,2022-10-31
FD38B56F87B913044CAA,0.3131868131868132,dormant,126,1062,2022-10-31
4EFF2B2A914F248F7CA7,0.3131868131868132,dormant,139,1063,2022-10-31
276744E51C180E70A432,0.3131868131868132,dormant,136,1064,2022-10-31
065AE34224D7DA16D43F,0.3131868131868132,dormant,143,1065,2022-10-31
BDCAD1782E3B24A9FEE9,0.3111675126903553,warm,52,1066,2022-10-31
4A352781A9FA413C352F,0.3111675126903553,warm,80,1067,2022-10-31
FE747505A5CD0BAE8B57,0.3111675126903553,warm,63,1068,2022-10-31
C40482A9F6BB298D52D1,0.3111675126903553,warm,67,1069,2022-10-31
C54C9861C80E93342E8E,0.3111675126903553,warm,62,1070,2022-10-31
1D07B3E4F04472F1357A,0.3111675126903553,warm,53,1071,2022-10-31
FB975C984BDED87CCA42,0.3111675126903553,warm,69,1072,2022-10-31
2C9BC6A6B03CE0888505,0.3111675126903553,warm,35,1073,2022-10-31
0D1DFEC0247D3F860CE4,0.3111675126903553,warm,68,1074,2022-10-31
85816EA18AB29412FAAD,0.3111675126903553,warm,10,1075,2022-10-31
E241E0460B6CF43D8F16,0.3111675126903553,warm,35,1076,2022-10-31
D06D27B8F23D0CE034D3,0.3111675126903553,warm,81,1077,2022-10-31
DC0893CE6DB1DDC85914,0.3111675126903553,warm,34,1078,2022-10-31
71F8554E1E5D7A071F83,0.3111675126903553,warm,62,1079,2022-10-31
697B7A59CF64637B2C1E,0.3111675126903553,warm,28,1080,2022-10-31
307EC0312A9EACDA453C,0.3111675126903553,warm,12,1081,2022-10-31
BAECEDA825AECB135117,0.3111675126903553,warm,70,1082,2022-10-31
7726B7B59E77791F8DE6,0.3111675126903553,warm,20,1083,2022-10-31
5736C96F5A3881121F7B,0.3111675126903553,warm,76,1084,2022-10-31
11DF2E4F3FBD25FE114F,0.3111675126903553,warm,63,1085,2022-10-31
D42E6A29E5A60997C8A2,0.3111675126903553,warm,54,1086,2022-10-31
1BC9BC9564E4EBEE8F88,0.3111675126903553,warm,73,1087,2022-10-31
EAC0A2348B891210A5B2,0.3111675126903553,warm,33,1088,2022-10-31
4CC49710A1F0D1C83A60,0.3111675126903553,warm,32,1089,2022-10-31
FF7511A6C49D30949523,0.3111675126903553,warm,25,1090,2022-10-31
E31E9F96373A7E6E5258,0.3111675126903553,warm,34,1091,2022-10-31
9576BA0E193DF34D0CAA,0.3111675126903553,warm,53,1092,2022-10-31
CD3FCF3282AD06AD2B07,0.3111675126903553,warm,34,1093,2022-10-31
DAF542E2F75F207C8C11,0.3111675126903553,warm,13,1094,2022-10-31
AF94ABEC63F83FE70214,0.3111675126903553,warm,6,1095,2022-10-31
0C55077207F7D52CA798,0.3111675126903553,warm,18,1096,2022-10-31
34DB279A691B3BCDDB85,0.3111675126903553,warm,20,1097,2022-10-31
318F35D9CF63E9D6F640,0.3111675126903553,warm,54,1098,2022-10-31
5C4D3DC3CFB86B91D3B5,0.3111675126903553,warm,38,1099,2022-10-31
5A8291CEFF297486E675,0.3111675126903553,warm,12,1100,2022-10-31
0076F5B3677A3E8CBAC2,0.3111675126903553,warm,34,1101,2022-10-31
965A41207A794164669E,0.3111675126903553,warm,34,1102,2022-10-31
65F42FC11F104354CA70,0.3111675126903553,warm,31,1103,2022-10-31
244BCE0C6B3BDF79B849,0.3111675126903553,warm,62,1104,2022-10-31
8CBFB41D1F76A37F4F0F,0.3111675126903553,warm,39,1105,2022-10-31
F9C22074825399DC46D9,0.3111675126903553,warm,52,1106,2022-10-31
C6076B3274A3CC6DDC54,0.3111675126903553,warm,48,1107,2022-10-31
B550E0805B30C6F9BF0B,0.3111675126903553,warm,0,1108,2022-10-31
0D76F9861D32C71A9969,0.3111675126903553,warm,32,1109,2022-10-31
CA2B61A774B6406D2FEC,0.3076923076923077,warm,24,1110,2022-10-31
AC604D74BE3A3C702C87,0.3076923076923077,warm,27,1111,2022-10-31
D08F4947184478F14A2E,0.3076923076923077,warm,28,1112,2022-10-31
B270272F84865D82FC6E,0.3076923076923077,warm,63,1113,2022-10-31
80C58F715E58816CBFA6,0.3076923076923077,warm,10,1114,2022-10-31
754E9468EB00B8F4F901,0.3076923076923077,warm,54,1115,2022-10-31
D235FF7DAB1A327E309E,0.30281903888666933,dormant,122,1116,2022-10-31
0513EB2154E8FB1FC88C,0.30214639515685193,dormant,112,1117,2022-10-31
BE8290E5E946AA041DA3,0.30214639515685193,dormant,137,1118,2022-10-31
B3E3C6BC3017C6936D42,0.30214639515685193,dormant,101,1119,2022-10-31
78F689E6F88F73A01D29,0.30214639515685193,dormant,109,1120,2022-10-31
3E778C2759DC18061C75,0.30214639515685193,dormant,132,1121,2022-10-31
37EAE485ABBDA6943728,0.30214639515685193,dormant,126,1122,2022-10-31
D875CCC303B900FF148D,0.30214639515685193,dormant,115,1123,2022-10-31
B938A579DA1908825639,0.30214639515685193,dormant,116,1124,2022-10-31
73E6F95AF766FCD331C3,0.30214639515685193,dormant,104,1125,2022-10-31
BC2D3D0A9C80A3A5ABA4,0.30214639515685193,dormant,116,1126,2022-10-31
A2485194D38AE0D20489,0.30214639515685193,dormant,194,1127,2022-10-31
C83A3E058D8008C434AE,0.30214639515685193,dormant,178,1128,2022-10-31
C7EBEE0926628FB26776,0.30214639515685193,dormant,117,1129,2022-10-31
F3C1D5354FF9003963B6,0.30214639515685193,dormant,139,1130,2022-10-31
5B9A8BE700326C3F2018,0.30214639515685193,dormant,112,1131,2022-10-31
C87A996067EF74E056FA,0.30214639515685193,dormant,139,1132,2022-10-31
